class, given_name, surname, street_number, address_1, address_2, suburb, postcode, state, date_of_birth, age, phone_number, soc_sec_id
62,   michael, collier,99, wilshire street, locn 1699, numbaa,2192, sa, ,31, 08 78748941,3137130
699,   jayden, wiseman,3236, davidson street, , south perth,3073, qld,19420823,34, ,9612038
355, kaitlyn, webxb, , kallaroo road, , woree,3305, vic,19681020,32, 02 68898198,3602255
481,   jaxin, paterson,13, canning street, , llanarth,4305, nsw,19630730,38, 07 44598583,2959451
631,   william, huettenrauch,2, leahy close, , ,4216, qld,19030406, , 04 60943911,1276968
404, mikhayla, zimmerann,19, banvard place, wallerwaugh, tea tree gully,2030, qld,19430888,33, 03 62704428,8370653
532,   joshua, mcneill,4, limestone avenue, blue haven village, mcdowall,5167, qld, ,35, 08 97517010,6458357
322,   , kutzmanovic,87, boniwell street, , mulgrave east,2830, nt,19920229,10, 04 96277996,8686345
109,   nikki, matthews,2, stonehaven crescent, , pimlico, , ,19791103,25, 02 56829590,8360213
511,   levi, korolija,3, mt warning crescent, , belmont,6076, sa,19971227,36, ,1901452
527,   bryce, maddon,18, burnie street, , new farm,3138, nsw,19370112,8, 02 26798482,8403385
755,   james, brock,7, barangaroo street, yachting towers, alyangula,3028, qld,19790106,25, 04 91270448,7751323
197,   nikita, ten brummelaar,56, gleadow street, collier park vlge, winston hills,3806, nsw,19340813,26, 04 17577328,6211399
679,   jack, crellin,1, , lake macquarie vlge, bondi junction,2284, nsw,19860911,22, 08 92090286,9699675
13, harrvson, ranson,36, burtt crescent, , wongarra,2470, nsw,19608014,63, 04 35383265,3171097
464,   chloe, grainger,80, peacock place, bramhall, casino,3371, ,19470227,21, 04 86513357,8663808
548, chelsea, stubbs,75, jackie howe crescent, , mepu nga,3437, vicw, ,39, 07 30896390,6594719
316, jac, musolinmo,36, brough place, , brighton,3216, vic,19410802,29, 03 27764673,1251792
601, melinda, robsdn,33, stacy street, , woolahra,3977, vkc,19120214,9, 07 59946341,3164754
384, sophie, bradshaw,9, frost place, , kingsfrod,3220, naw,19621114,36, 08 22772479,8502722
28,   sam, matthews,70, endeavour street, , eatons hill,4875, nsw,19361030,33, 03 24354288,6328834
24,   riley, innis,23, scaddan place, retirement village, lamington,5035, ,19290115, , 07 96350962,9790140
739,   riley, walls,1, montgomery place, , alfred cove,3079, sa,19850519,32, 03 60494675,3192219
137,   michael, hearn,9, , , hackham west,3025, vic,19611217, , 07 26206480,6778249
495,   ebony, ryan,30, maurice place, , sorell,3280, nsw,19160715,38, 07 89566477,1218556
572,   oliver, schuddebeurs,23, lobb place, , annandale,2230, wa,19760502,8, 08 50140698,4729671
636,   jamilla, browne,129, basedow street, zeevoo, wahroonga,2208, vic,19860710,24, 04 72930075,4561823
94,   hannah, ,16, rosella street, hyhopes, hamilton,3178, qld,19481218,20, 03 71823613,7591050
105,   darcy, balchin,92, moorhouse street, villa 3, cooloongup,2087, wa,19320511,25, 02 42036741,6986565
193,   sylvie, gallichio,82, honyong crescent, nazareth village, tathra,4815, sa, ,35, 07 85259206,2902589
792,   gianni, gibb,1, brinsmead street, , yinnar,2750, nsw,19930716, , 04 15432648,4620211
216, christian, niederkofler,55, , , moree,2259, vic,19891008,31, 04 51185006,9181923
336,   amy, bishop,37, ranken place, , nambour,3995, vic,19570630,27, 07 27928150,4910125
793, luk, campbrll,72, barangaroo street, , lavingtnon,2440, qld,19151028,22, ,6754138
0,   lochlan, kelley,32, laycock place, , warburton,2580, vic,19600918, , 03 31734703,2069880
277,   noah, wiseman,4, waller crescent, , st johns park,4575, , , , 08 52777525,5671374
623,   alexandra, noble, , hedland circuit, , lemnos,5118, wa,19040427,36, 04 12517958,3134624
112,   chloe, trowse,62, forbes street, yarrandale moonee, moonta,2126, nsw,19810520,28, 03 58646738,8908147
672,   benjamin, hobson,18, dirrawan garden, warraberry, worongary,4350, vic,19520719,40, 08 52655928,8908625
652,   sascha, hitchenor,22, john russell circuit, telooma, paddington, , vic,19711225, , 04 08683148,1936588
606,   adam, gilbertson,4, officer crescent, , point vernon,5540, qld,19670712,23, 03 62928758,7813795
36,   ewan, clarke,16, gardiner street, , ormond,5161, qld,19270725,22, 07 54371240,1738228
190,   heath, samprathi,1, andrea place, yalkara, toowoomba,3040, wa,19710704,27, 08 40216644,1129346
535, courtney, stanley,178, ovens street, mowbray, ,3942, nsw,19570525,33, 04 45396282,2802759
96, campbell, gilberson,10, ferguson circuit, lashbrooke, oak park,2006, wa, , , 03 45691946,9195755
637,   emiily, dizmanis,14, o'sullivan street, , canterbury,3200, wa,19520310,29, 02 37545532,8107512
697,   robert, beattie,29, burrinjuck crescent, wilpena, kings park,6355, nsw,19770302,24, 03 51938073,5386536
490,   ethan, bycroft,5, ardlethan street, , malvern east,6210, nsw,19771025,23, 08 74355859,3330993
423,   fiona, clarke,17, alli place, , cowell,2170, nsw,19200817,33, 03 97009216,9286582
56,   noah, manson,416, bural court, , ringwood,2030, nsw,19910308, , 04 02089038,7766219
521,   emma, sayagha,78, tallon place, menora, rosebud,3048, qld,19910329,21, 07 60946758,2911216
270,   samuel, stanley,269, jinka street, pinewood, sunshine north,2763, nsw,19060416,34, 03 84889083,3728638
736,   jayden, vainui,18, luxor, , witchcliffe,4556, vic,19441029,35, 02 19208065,1522877
242,   amber, orlovic,94, currong street, , rye,3220, vic,19831009,37, 07 84947638,7822482
50,   benjamin, mildren,48, findlay street, bolinda vale, smythes creek,4817, nsw,19790126, , 08 06093291,2864262
83,   dylan, ranson,18, whitty crescent, kareela, stratford,2204, sa,19110614, , 03 20643014,2625616
177,   lily, harrington,31, renny place, , st andrews beach,2031, nsw,19460731,22, 02 72417199,3263701
771,   erin, ang,16, holland street, sommerset park, acacia ridge,4350, qld,19910721, , 03 14841409,3081620
681,   christopher, dent,3, eppalock street, , woombye,6108, wa,19450218,31, 04 41966684,2805723
54,   alex, longo,517, debenham street, , mulgrave east,3182, qld, ,24, 08 14133091,3601975
355,   kaitlyn, webb, , kallaroo road, , woree,3350, vic,19500313,32, 02 68898198,3602255
510, liam, white,3, gordon place, , buronga,3150, qkd,19990919,35, 02 92384238,5472561
789,   daniel, deck,7, arabana street, , kirwan,2905, qld,19170303,24, 04 48814117,4496674
503,   isabella, green,206, santalum street, bosmit, hazelbrook,6018, vic,19851206,29, 03 24042562,6914486
243,   hannah, maynard,49, ipswich street, , sefton,4352, nsw,19380618,29, 04 48706160,9547076
478, timothy, mason,13, ijong street, , lakemba,3133, sz,19400478,32, 02 38188099,5142110
27,   brandon, white,54, hallen close, flt 167, boreen point,4570, nsw,19210419,9, 08 32140105,9909605
269,   emiily, paine,69, lumeah street, , airlie beach,5162, nt, ,28, 04 98324751,5947184
100,   ashley, mcauslan,1, totterdell street, pinnacles caravn park, cranbourne north,2260, qld,19500930,11, 07 46330468,5300644
106,   andie, apted,6, rolph place, kia-ora cottage, southbank,2440, qld,19100209,34, 03 70479165,3431044
504,   olivia, linnell,15, murranji street, , whitebridge,4714, nsw,19260918,31, 04 40985777,7576183
37,   zara, white,19, westhoven street, , knoxfield,2559, vic,19451129,37, 03 89881976,1783324
785,   brayden, skurr,2, jinka street, , beenleigh,2480, wa,19100224,29, 02 62898329,3407624
108,   joshua, worthington-eyre,91, callaghan street, murga ridge, balhannah,2219, wa,19010606,30, 08 11184228,7716410
474,   caleb, braithwaite,36, notting court, , lowood,2646, nsw,19371011,37, 08 39363651,9783101
163, , block,26, jansz crescent, northbank cwravan park, geraldton,2747, nsw,19880217, , 07 02969520,7802593
393, andew, kammermann,32, howarth place, , shoalwtater,2469, nsw,19610110,27, 03 59415787,1100550
769, jessica, callister,2, castlereagh cfescent, whylackie,3318, riverwood, vic,19661214,29, 02 36782234,7268497
139,   genevieve, coleman,18, daley crescent, , kurri kurri,2285, , ,8, 03 45510400,2959423
404,   mikhayla, zimmermann,18, banvard place, wallerwaugh, tea tree gully,2030, qld,19430818,33, 03 62704428,8370653
702,   stephanie, marris,52, mount vernon drive, , prospect,5220, wa,19240307,28, 04 99503172,2866007
388,   anari, green,22, meehan garden, gummy gully, yarraville,5062, nsw,19640213, , 02 63095252,6082634
573, brooke, rundle,43, revill place, , upper coomera,3041, say,19760629,24, 02 74137598,6295750
364, jarred, warnexe,2, waller crescent, kilvinton village, pakeham,6355, vic,19850827,40, 08 71084056,1071667
365,   caitlin, white,10, bandulla street, , dapto,2104, ,19620303, , 07 59145959,1347617
128,   samuel, schmitzer,405, allambee street, , mosman,2785, vic,19410113,33, 08 98735629,6258983
125,   oscar, kingsley,58, favell place, , parap,2017, sa,19810217,9, 03 70525476,6212391
261,   isabella, etherington,195, lander crescent, , ringwood north,5162, nsw,19530722,29, 08 83977530,1668178
107,   connor, fenwick,19, boronia drive, , coromandel east,2291, sa,19970207,27, 03 75821830,4624442
499,   paris, cirelli,30, chave street, , , , nsw,19760301,25, 02 98962505,2824434
615, peyt on, matthews,27, medley street, carrington retrmnt vlge, cremorne,2001, nsw,19430919,31, 07 63662198,2646683
317,   kyle, white,16, goodparla street, , ascot park,4740, vic,19550221,27, 04 72981468,8880053
169,   samantha, nguyen,2, woollum place, lamont park, salisbury heights,5096, wa, ,24, 08 34056124,7506814
221,   tasman, cruickshanks,6, beazley crescent, , portarlington,3149, nsw,19130403,33, 08 08274366,8860993
674,   samuel, lowe,37, wambool street, sunbright orchard, kirribilli,4573, wa,19050923,22, 02 75452913,7910472
312,   isabella, eke,27, walker crescent, munjal, rochedale south,4350, nsw,19440616,26, 08 69074510,5886702
375,   nicholas, white,16, la perouse street, , maribyrnong,5049, nsw,19530412,28, 04 85059581,4115871
136, bianca, campblel, , angas street, , lilydale,3976, ww, ,9, 07 24898440,5148659
453,   angus, white,375, edgar street, begonia court, hammondville,2229, nsw,19321116,10, 03 17664238,8102784
608,   sophie, paterson,192, nunan crescent, , hocking,2046, nsw,19460305, , ,2653280
786,   ben, costigan,20, wilkinson street, , spotswood,2325, vic,19480711,29, 02 81941992,9239861
4,   emma, matthews,4, ella close, , ferny creek,4051, qld,19561209,28, 04 39919441,4313461
337,   keira, huxley,23, wedgewood close, , carlingford,4078, sa,19640224, , ,2689140
477, heatg, sherriff,105, betche place, rosehill, maydena,2530, nsw,19961217,22, ,2098706
316,   jack, musolino,36, brough place, , brighton,3216, vic,19410802,29, 03 27760673,1251792
596,   monique, grierson,13, mcculloch street, , corrimal east,3357, wa,19100408,35, 03 12633560,7336759
678,   mitchell, aimes'emery,26, , bonny farm, crookwell,2131, nsw,19780713,21, 02 56580153,1379927
535,   courtney, stanley,179, ovens street, mowbray, gordonvale,3942, nsw,19570525,33, 04 45386282,2802759
580,   alexander, jobbins,129, springvale road, , mathinna,4550, nsw,19730809,11, 04 22408260,2844522
263,   brooke, van neutegem,10, , drumwood, nambour,3056, nsw,19501107,21, 04 35802181,3239797
163, , block,26, northbank caravan park, william wilkins crescent, geraldton,2747, nsw, , , 07 02969520,7805293
363,   schkirra, claydon,609, , , ,4562, wa,19261106,25, 02 80361830,6010272
394,   thomas, campbell,1, rollston street, , magill,2075, qld,19621107, , 04 76269428,5859068
578,   philip, bendyk,20, tauss place, , ,2750, qld, ,9, 04 91471611,8038102
127,   madeleine, compton,94, bindiri place, , conder,4174, nsw,19020105,27, 03 05140864,3734277
260,   emerson, kaspar,32, spalding street, , kingsford,4860, vic,19981221, , 03 33957845,1672211
410, daniel, stubbs,9, maribyrnonqg avenue, rockleigh cottage, padsgow,2075, nsw,19300521,9, 08 97228512,9259759
704, rhyd, zogopoulos,25, gellibrand street, , wangaratta,5006, nsw,19907708,7, 02 22732464,4669540
788,   paris, grainger,11, shackleton circuit, , leinster,4511, sa,19560413, , 02 06847129,6228518
436, ma, chawla,36, paul coe crescent, , diggers rest,2066, qfd,19240717, , 03 86439350,6454678
403,   dante, ,26, edwell place, , lobethal,3284, ,19600425,37, 04 27036797,3147248
494,   yasmin, pryer,3145, kingsford smith drive, palm lake resort, ,4215, sa,19790424,36, 02 80954777,2252538
659,   connor, gilfedder,87, university avenue, , brighton-le-sands,5161, nsw,19450831,33, ,2554247
765,   barnaby, pcpeake,454, sirius place, surfers hawaiian, ,2086, qld,19570801,30, 08 50289052,2839301
756,   sebastian, sprogis,87, kosciusko avenue, taranna house, broome,2477, nsw,19370418,26, 02 00573440,6714162
501,   emiily, guymer,35, murrell place, , coolaroo,5117, ,19170818,28, 08 16784605,8423090
601, mel, robson,335, stacy street, , woollhra,3977, vic,19120214,9, 07 59946341,3164754
292,   wade, vincent,2, henty street, eureka, beaudesert,3995, vic, ,34, 04 97518974,7119433
196, logan, campbwll,48, hobby place, , westlake,5700, nsw,19090427,33, 04 70185420,6387137
85,   andrew, reid,87, mackay crescent, , mackay north,3181, qld,19560204,12, 08 21607184,6179799
72,   jack, clarke,55, deamer crescent, eureka, broken hill,2250, qld,19201003,32, 03 51435637,4042223
140,   phoebe, howie,2, bertram street, , padstow heights,2259, vic,19120915,7, 03 26802480,4569861
525, eliza, trimhle,64, tregear close, brookton house, norwood,3078, vic,19331223,25, 07 34502134,4399918
204,   jessica, evison,38, neeld place, , para hills,2061, ,19020322,21, 08 56418327,1596384
747,   alexander, friebel,1, buvelot street, , waverley,4118, wa,19520130,28, 08 02580556,6006303
19,   chantelle, luckman,17, eleanora street, , meningie east,4565, nsw,19291210, , 03 79156607,2000470
96, campbell, gilbertson,1, ferguson circuit, , oak oark,2060, wa, , , 04 90153801,9195755
762,   caleb, ho,97, ingram street, tinsdal, alfred cove,3181, vic,19030103,26, 04 72739475,9434069
654, gillian, dixoni,33, duffy street, , yaroomba,2551, nsw,19320717, , 07 17844136,4274156
292, wade, vincenj,2, henty street, eureka, beaudesert,3995, vi, , , 04 97518974,7119433
420,   christian, petersen, , barwell place, , angaston,2533, wa,19400225,35, 03 51034456,3785435
704, rhys, zogopoulos,24, gellibrandxstreet, , wangartta,5006, nsw,19970708,7, 02 22732464,4669510
491,   samuel, neumann,9, fairbridge crescent, , condell park,3020, qld,19540505,27, 02 35733208,5704871
364, jarred, warneke,2, crescent waller, nedlyn, ,6355, vic,19850827,40, 08 71084056,1076167
700,   jairus, stubbs,1, booth crescent, kayannie, condon,2795, tas,19210920,30, 02 87805585,9331615
759,   ethan, thorpe,2, enderby street, sunshine coast private hosptl medcl cent, mossman,3936, wa,19081129,31, 07 25905253,3489043
55,   mitchell, reid,2, chuculba crescent, , moorooka,2880, ,19110314,32, 08 85757463,8033142
120, thomas, ,84, kelleway hvenue, , marmong point,5082, vic,19650426,25, 07 42850684,5593843
138,   joshua, bishop,174, tennyson crescent, triton units, charlestown,4551, nsw,19080502,34, 02 59892602,8264617
20, ells, huddh,20, mcwhae circuit, , the narwows,2067, ,19940904, , 04 94806518,9310504
304,   todd, grosser,16, cowper street, , wattle glen,6026, vic,19900406,36, 03 42450013,6234602
47,   stephanie, lette,9, paul coe crescent, , dural,3054, ,19481208, , 07 80338766,8645516
754,   thomas, maziakowski,30, bingley crescent, , eaglehawk,6065, nsw,19780517,25, 04 99642109,2959817
131,   madison, vinaev,7, henry street, lindsey rise, fairlight,4814, ,19700305,11, 08 06589451,8614445
239,   jayde, laverty,4, rivett place, , campsie,3085, vic, , , 02 15727315,5235794
634,   cassandra, wolfenden,52, bugden avenue, , florey,4745, vic, ,29, 04 84942792,3576549
738,   caitlin, noble,83, disney court, , wyong,3351, ,19340314,23, 03 19829893,5671465
61,   robert, ,39, lachlan street, brentwood vlge, melton south,3162, sa,19980619,24, 04 12219589,9663414
168,   bianca, matthews,20, brisbane avenue, bukkulla, hillston,6154, qld,19421209,30, 03 58242581,7938442
339,   ashlee, coffey,23, paul coe crescent, , port macquarie,4035, qld,19190214,23, 08 17964999,5900242
73,   alexandra, lock,14, elimatta street, , scarness,3765, nsw,19930814,31, 02 93313784,1070335
552,   jed, spong,9, maughan crescent, chateau tahbilk, dianella,2025, vic,19390912,28, 07 15752335,1296426
213,   joselyn, humphreys,33, , , ,4737, vic,19800507,31, ,3646294
398,   kailey, bennier,23, tenison-woods circuit, , wundowie,4551, qld,19780726,29, 07 11082311,3969444
614,   tyler, zilm,15, hurtle avenue, oatley, parndana,4223, qld,19780721,26, 07 50641705,4460044
77,   joshua, maczkowiack,20, emery street, , abbotsford,5452, sa,19460507,12, 08 38574728,5338691
708,   michelle, bibby,16, vasey crescent, , parkville,2515, vic,19700225,31, 08 53209518,6864977
249,   lauren, madigan,47, mcdonnell close, pt sec 500, chisholm,4869, vic,19660919,25, 08 38656672,8345858
653,   griffin, afford,171, cockburn street, calingiri wongan, canley vale, , nsw,19660926, , 02 95430947,3959255
383,   michael, grillett,7, hicks street, dunmunkle lodge, albany creek,3228, vic,19960818, , 04 07668266,8714212
705,   lucas, bishop,12, marlock street, , asquith,2360, sa,19401112,11, 04 29803414,8575779
157,   sam, clarke,30, dungowan street, , mosman,3911, nsw,19771021,44, 04 43391104,6817238
91, tyrone, morrisln,5, mortimer leis drive, , spring hill,3006, sa,19571116,32, 02 69036490,7211524
436,   mia, chawla,36, paul coe crescent, , diggers rest,2066, qld,19240717, , 03 86430350,6454678
222,   adam, campbell,9, burkitt street, warrumbungle, burwood east,3049, ,19620303,22, 07 40316283,2209534
340, madeleine, thorpe,19, white crescent, brentwood village, paraburdoo,2343, nsw,19440332,34, 07 91659221,2438570
541,   jarrod, berry,31, o'loghlen street, , oakwood,2659, ,19630628,33, 08 46107185,2963365
122,   andrew, feeley,32, collocott crescent, old kelvin grove, freshwater,3073, vic,19761231, , 04 38550888,1063356
794,   dylan, caire,12, harper street, macsview, ingham,2390, vic,19960208, , 03 24189750,7384690
698,   montana, white,9, kurrama crescent, , roselands,3106, qld,19540216,23, 04 81795535,2916833
524,   lani, ,8, denny street, , lalor,832, qld,19171209,40, 02 91576883,1483929
292, wade, vincent,2, henty wtreet, eureka, beaudesert,3959, vic, ,13, 04 97518974,7119433
20, ella, hudyd,23, mcwhae corcuit, , the narrows,2067, ,19940904, , 04 94806518,9310504
449,   riley, atsaves,29, martin street, , guilderton,3885, sa,19640208,21, 02 60286953,3489563
644,   riley, white,5, pearson street, sherwood, colston park,4510, nsw,19360427,26, 04 43542347,7311876
374,   annabel, campbell,4, paul coe crescent, , woodburn,4380, qld,19340121,33, 04 09649753,8091998
35,   jye, ho,337, bettington circuit, quinden, toowoon bay,3717, nsw,19640317,21, 02 88428684,8819704
488,   joshua, stubbs,34, halford crescent, ashgrove farms, ballan,2146, qld,19881101,28, ,6246912
404, mikhayla, zimmermann,19, banvard place, wallerwbaugh, tea treeg ully,2030, qld,19430818,33, 03 62704428,8370653
687,   abbey, narracott,106, burtt crescent, rocky bend, worongary, , ,19540817,31, 02 41340585,7561965
117, benjumin, hawes,43, tallara parkway, dunmoven, toowoomba,2710, vic,19871021,27, 07 15425607,9455935
436, mia, chawla,38, paul coe crescent, , diggers rest,2064, qld,19247017, , 03 86430350,6454678
167,   makenzi, spuzic,6, forbes street, , toowoomba,2530, nt,19010825,23, 08 06287343,5556184
516,   amber, mendrin,15, arthur circle, , dimbulah,4507, vic,19970125,30, 02 54870143,5061998
449, riley, atsaves,2, martin tsreet, , guilderton,3858, sa,19640208,21, 02 60286953,3489563
750,   leo, nekoee,246, scrivener street, , lansdowne,2582, nsw,19880910,36, 03 67895453,7462933
611,   angelica, burford,395, corroboree park, settle downs, samson,3041, nsw,19691003,31, ,2417290
507,   sophie, wieloch,18, werriwa crescent, , gunn,3550, nsw,19540518,31, 08 29512292,5180003
696,   liam, campbell,72, bunduluk crescent, , salisbury east,4737, vic,19240209,26, 04 92093868,6641373
330,   ellie, dugec,65, baldwin drive, pine leigh, kotara,2095, tas,19031014,22, 07 81060190,9453112
746,   joel, mccarthy,18, bolger place, , penshurst,4159, sa, ,37, 08 76931753,8752994
244,   brooke, eyles,6, haines street, spring banks, palmerston,4820, nsw,19160128,20, 08 64971838,9315124
730, montana, george,733, caddy place, , altona meadows,2710, w,19070922,41, 04 66469086,3468413
686,   taylor, godfrey,6, hugh mckay crescent, rose-lea, morwell,2747, vic,19181226,20, 08 75855486,8935286
329, , ryan,31, carruthers street, , belroes,2450, vic,19900227, , 08 61065147,7955961
372,   lachlan, clarke,13, piddington street, valley fair, thornlands,3207, act,19581124,28, ,3351938
40, luke, graue,107, radcliffe street, , coombabah,5112, qod,19980037,28, 03 20143153,9044521
723,   ruby, paine,32, sharwood crescent, statue bay, ballarat,2164, ,19620131,34, 02 18386700,1688927
371,   james, herbert,158, soutar place, , ashfield,5068, ,19711009, , 02 01933395,6133647
328, danie, varcoe,38, bertel crescent, , mermaid qaters,2611, qld,19730806, , 04 13802649,3608650
402,   jordan, campbell,32, pohlman street, highpoint, flemington,6168, vic,19730121,29, 07 76376046,1982137
240,   emiily, turnball,7, jukes place, , sadliers crossing,6317, ,19790724,27, 08 13413559,9315828
766,   evan, lock,30, , carrington garden, launching place,2000, ,19191116,10, 07 45499395,6371118
386,   oliver, egan, , wrixon street, , jingili,5043, wa,19561016, , 03 81602936,7806622
467,   polly, berry,33, willis street, st johns terrace, bundaberg,2287, nsw, ,32, 02 05571263,9363672
537,   coby, de boar,9, proctor street, , wingham,2747, vic,19010316,36, 07 70261198,7103019
95,   bertie, pascoe,407, chifley place, , ottoway,2429, nsw,19801025,28, 08 37164256,5861075
116,   chloe, mason,18, henry melville crescent, , belmont north,2142, qld, ,36, 03 72524543,2095339
38,   lachlan, manos,28, maribyrnong avenue, recreation camp, parkdale,4012, nsw,19380402,12, 03 85626100,1895711
559,   trey, whiteley,185, , , roleystone,2250, wa,19101103,8, ,6045406
110,   , salt,13, vonwiller crescent, , korora,5019, nsw,19250930,24, 07 79384980,5077875
670,   monique, dessart,226, whitelegge close, , dingo beach,3199, vic, ,25, 07 84371623,3675113
418,   jordan, linnell,54, salmond street, masonic retirement village, currans hill,3140, nsw,19850528,35, 04 61589523,4121649
132,   alissa, webb,198, robertson street, , parramatta,2325, nsw,19690126,25, 08 89141048,9038584
419,   matthew, allanby,15, alabaster street, mlc centre, labrador,5015, vic, ,37, 02 70369113,3576662
321,   vianca, laing,13, hannan crescent, hse 4, two rocks,2117, nsw,19070618, , 03 92417220,5646676
600,   , godfrey,3, ainslie avenue, , queenscliff,7469, qld,19221229,7, 08 99636605,4498240
111,   hamish, green,28, , , rochester,6112, nsw,19810331,27, 07 99966853,2682016
778,   william, mcvicar,40, keys crescent, , maya,4505, vic,19810316,26, 02 09215579,3386789
353,   sam, loosmore,77, chewings street, , deer park,4215, nsw,19810224,32, 07 35536380,1874905
437, angua, petersdn,3, grover crescent, , mount evelyn,4285, wa,19260496,39, 04 38506676,6039586
359,   mitchell, van de kamp,22, beadle place, , eastwood,3786, nsw,19690205,35, 03 95099357,2597240
214,   blakeston, steed,14, starke street, , wanneroo,2541, qld,19111203,34, 02 12908094,8839882
14, hamish, cassilles,6, somerville street, reddestone, toormina,3187, sa, ,34, 04 44743360,5835080
1,   annabelle, lodge,6, carslaw street, st francis vlge, panorama,2540, ,19450212, , 07 70011205,2992395
626,   sophie, leonardos,39, faithfull circuit, , hamilton,2257, ,19201118,25, 07 77526486,7545313
6,   kylee, van galen,84, annand place, , mosman,4655, wa,19140116, , 02 76402992,8456137
586,   charlie, dakin,85, delegate street, , toowoomba,5114, qld,19800109, , 07 17558911,8816429
170,   ellen, mckerlie,53, winser crescent, , batemans bay,4818, nsw, ,39, 08 30772311,2347043
621,   brigette, moreira,13, mccabe crescent, mntn farm, umina beach,3167, nsw,19770508,24, 08 83136812,9091615
715,   meg, sherriff,23, , , labrador,2116, nsw,19461219,31, 08 55629706,1415962
739, riley, walms,6, montgomeryzplace, , alfred cove,3079, sa,19850519,32, 03 60494675,3192219
758,   matthew, lipscombe,88, shenton crescent, brentwood vlge, tweed heads south,5171, , ,32, 08 00218679,1083569
319,   joel, nirta,12, torrens street, john paul nursing, wundowie,6018, vic,19210104,25, 07 56944041,2826598
457,   jacob, spratt,10, ashby circuit, , harbord,3400, qld,19950324, , 03 00712802,3134365
298, abigail, masin,63, tenison-woods circuit, , greenwood,2210, vic,19840315,28, 02 60665734,5935207
396,   kaitlyn, white,14, bellinger circuit, , hammondville,3373, nsw, ,32, 08 10686527,4577157
635,   zachary, ryan,21, astrolabe street, , riverhills,2340, qld,19951129, , 03 27125031,2677940
436, moa, chawla,36, paul coe crescent, , diggers rest,2066, qld,19240727, , 03 86403350,6454678
538,   lily, tuckwell, , biggs place, , st albans,3216, wa,19920910,23, 08 18399570,3804274
417,   thomas, mason,515, temperley street, , bundaberg,2131, nsw,19150410, , 03 25526347,4720948
489,   harry, verco,23, ferdinand street, boxwood hill, kununurra,3043, qld,19891231,29, 07 62050915,1142119
86,   cameron, stephenson,33, boddington crescent, , cabramatta, , ,19201228,32, 08 15981901,3778448
742,   harriet, paterson,23, lyrebird place, shadyside, ascot vale,3936, qld,19210212,12, 07 90207252,1801696
201,   edward, sherriff,49, furneaux street, , deer park,3305, wa,19951003,9, 08 31757565,9146673
603,   yasmin, frahn,44, warrumbul street, , doubleview,2258, sa,19990317, , 07 81113235,5575455
509,   sana, mason,20, theodore street, , willagee,7017, nsw,19360116,38, 03 60451937,9985780
39,   michaela, cookson,76, treacy place, , pascoe vale south,3350, vic,19750309,29, 02 04646375,7448061
690, charlie, alsteo,162, lapsley street, cressy grove, hay,2032, qld,19577010, , 03 78503396,3199935
148,   jacob, angie,75, fullagar crescent, north road, strathalbyn,3148, qld,19780317,27, 02 43059999,6165845
434,   hayden, papandreou,231, william wilkins crescent, rockedale shopping vlge, bonython,2162, qld,19160821,29, 07 37535317,9102021
448,   eboni, millar,42, traeger street, yurnga, dulwich hill,4210, qld, , , 04 67296759,6814638
229,   makayla, van caspel,15, hansen circuit, , frankston,3250, wa,19250416,30, 03 80372107,8773899
510, liam, white,36, gordon place, , buronga,3510, qld,19990919,33, 02 92944238,5472561
370,   xepheren, neville,33, ijong street, hosea mizpah, west wollongong,2205, vic,19791010,22, 08 73319878,5704416
667,   schkirra, robson,3, clive steele avenue, mirrimbah, gorokan,4164, sa,19520306,25, 07 76464667,7929755
699, jayden, wiseman,323, davidsov street, , south perth,3073, qld, ,34, ,9612038
779,   harriet, manson,122, , , st agnes, , qld,19880628,23, 02 07623924,3379474
626, sopmie, leonartdos,39, faithfull circuit, , hamilton,2257, ,19204118,25, 07 77526486,7545313
455, jasper, priext,7, namatjira drive, , bungoia,2077, qld,19078006,34, 02 64919729,2595504
399,   macy, clarke,120, hallstrom circuit, wisteria cottage, bundaberg,3206, nsw,19860725,30, 02 18835909,4252109
711,   tiffany, campbell,10, cockcroft avenue, mervingle hill, moonah west,4703, qld,19410319, , 04 82639305,4591499
593,   daniel, berry,26, richardson circuit, , sandgate,3818, ,19490322, , 07 94075711,1258158
757,   skye, meaney,70, dalley crescent, , eastwood,4503, vic,19130308,32, 03 35003356,5006570
609, hayley, elphick, , , , ,3071, wa, ,27, 03 91796424,1446197
640,   imogen, bevis,1, hannan crescent, old mcdonald farm, boronia heights,4350, nsw,19020706,23, 07 86808428,5977950
405,   erin, ,7, hallen close, kookaburra village, south wentworthville, , qld,19900511,24, 07 24015592,5064649
520,   ethan, reid,418, mackenzie street, , carnegie,2334, vic,19220718, , 03 30118353,4740286
264,   bailey, shelley,7, dooring street, harbour town shopping centre, mentone,6324, nsw, ,38, 03 39904074,8818261
49,   calvin, nguyen,13, moncrieff street, , crows nest,2043, vic,19890225,24, 08 98206860,3127171
684,   keely, miles,7, rafferty street, , cowra,4722, vic,19750903,41, 04 53590505,7064259
30,   eliza, collinson,38, mcclintock street, , jindalee, , qld,19721017,27, 03 72931289,1542551
760,   isabelle, webb,98, fairbridge crescent, woolgoolga retirement village, st kilda east,2641, sa,19820713, , 08 31842475,1295824
648, nikki, jacmok,51, bargang ctescent, , pacific palms,5167, ,19061119,24, 08 23317005,8409853
493,   alana, pontifex,14, warramoo crescent, , mirboo north,3122, ,19340118, , 08 47725545,4900704
265,   harrison, nguyen,6, burrinjuck crescent, shaudell, mount buller,3797, tas,19610915,29, 02 74521683,8363553
282,   emiily, clarke,17, ballarat street, , lavington,4164, vic,19901023, , 02 78074861,4324965
687, abbey, narracott,106, burtt crescent, , worongary, , ,19548017,31, 02 41240585,7561965
228,   liam, lomman,7, shakespeare crescent, ashleigh house bergen court, willetton,2603, qld,19880216,31, 03 87185901,3149047
162,   thomas, edwardson,8, kallara close, alice downs, summer hill,6148, nsw,19261024,27, 02 97732008,3999678
525,   eliza, trimble,64, tregear close, brookton house, norwood,3087, vic,19331223,26, 07 34502134,4399918
517,   ryan, mac crosty,14, newton street, wombat hill, hazelwood north,3160, ,19280628,19, 03 25172008,5843972
33, tahlia, sworzeniowski,2, inlander crdescent, keilor retirement home, eight mile plains,3840, vic,19921231,30, 08 01764526,5906658
581,   nicholas, lero,39, mclachlan crescent, , waroona,2019, vic,19320829,31, 08 71361136,8553813
40, luke, grau,107, radcliffe street, blueberry hill, coombabah,5112, qle,19980307,28, 03 20143153,9014521
244, brooke, eyles,6, haines street, , palmerston,4820, nsw,19160128,2, 08 64971838,9315114
310,   ronan, lowe,358, padbury street, , stanwell park,6010, vic,19311023,37, 08 80452280,1541103
666,   ryan, shorrock,26, freney place, tilburoo, east hills,2604, nsw,19520523,28, 02 15977131,2311739
131, madison, vinaev,4, henry swtreet, lindsey rise, fairlight,4814, ,19700305,31, 08 06589451,8614445
60,   talia, webb,76, batman street, st josephs lodge, hazelwood north,3915, wa,19050911,27, 08 11443169,3099594
652, hitchenor, sascha,22, john russell circuit, telooma, paddingtn, , vic,19711225, , 04 08683148,1936588
196, logan, cambell,49, hobby place, grandview, westlake,5700, nsw,19090428,33, 04 70184520,6387137
505, prideaux, lauren,11, burn street, llcuttah, burwood,2827, vic,19850707, , 03 34410319,4863063
461, mad elyn, rusack,37, stretton crescent, , sunshine,4852, nsw,19310603, , 08 84862405,6547706
458,   samuel, hillary,2, burrinjuck crescent, jamieson house, burnie,6330, nsw,19061010,26, 02 36691194,2156813
432,   ainsley, stanbury,33, durville crescent, wooloondool farm, elanora heights,6154, vic,19080716,28, 04 13619619,3735946
248,   mikayla, bishop,37, goyder street, neretva, bokarina,5109, vic,19640327,30, 02 96021230,6032774
176,   adriana, webb,81, phillipson crescent, , kialla,2775, nsw, , , 03 36305578,5979998
737,   joel, siviour,37, cherry place, burnside, appin,3912, vic,19990430,8, 07 55387118,2964376
740, izaawc, jolly,22, yuille plqce, , north rocks,6150, ,19890817,35, 02 84752650,2491240
422,   emiily, white,19, michie street, blaxland flats, cecil plains,2540, vic,19820202,33, 03 43144919,7373694
87,   april, hingston,34, , , henley,5473, qld,19580324, , 02 30666433,2076633
357,   shelby, morrison,47, longstaff street, cranbrook, allambie,4217, qld,19510607,30, 02 99516023,4201663
744,   jasper, vincent,7, barnett close, , penrith,6175, nsw,19770608,29, 07 93476351,4872315
665,   lucas, binns,1, wambaya crescent, , melton south,2830, nsw,19630624, , 04 84349039,1092721
695,   emiily, speight,1, strickland crescent, wyrema, craigie,3106, nsw,19840716,28, 07 63397493,6167268
40, luke, grape,107, radcliffe street, , coombabah,5112, qlc,19980307,29, 03 20143153,9014521
675,   gabrielle, tsang,47, fossey street, , claymore,3715, sa,19070908,52, 03 05952267,8779864
289,   teegan, moody,14, trainer court, , kirwan,2323, nsw,19640519,29, 08 43314976,7536347
734,   adam, block,9, baddeley crescent, , swan view,4122, nsw,19650105, , 07 34588671,3682860
124,   arren, gravenall,264, loton place, , magra,4069, qld,19530221,30, 02 43449959,9387634
425,   casey, curry,22, blackburn street, freston cotge, thornlie,4132, ,19991122,21, 04 57974144,7994162
334,   jakob, lowe,51, carne place, , balcatta,5033, nsw,19351027,28, 03 08829493,2832070
713,   karla, gully,9, mcmillan crescent, fireville, scarborough,4114, nsw,19560412,30, 03 11251425,3503550
704, rhys, zogopoulos,24, gellibranh street, , wangaratta,5006, nsw,19970798,7, 02 22732464,4669450
298,   abigail, mason,62, tenison-woods circuit, , greenwood,2210, vic,19840315,28, 02 60665734,5935027
70,   ruby, drechsler,15, langdon avenue, , eight mile plains,2064, nsw,19060218,31, 08 70142020,3880622
430,   joel, tilker,48, starke street, , lismore,5113, vic,19460903, , 03 29875450,7665415
15,   oscar, goode,26, max henry crescent, , lindfield,2227, qld,19431106,20, 08 09352826,2786866
543,   ella, friedman,7, alberga street, st john of god hospital, glenhaven,2280, vic,19850719,30, 02 50611862,9998598
142,   erin, sworzeniowski,15, berne crescent, , neville,2074, vic, ,30, 08 36336297,8500849
172,   matthew, green,164, ballarat street, , bendemeer,3525, vic,19170201,33, 04 60349820,5758592
554,   georgina, stainton,75, arunta street, brumby's run, karratha,3956, nsw,19640515,27, 07 46918985,1116396
710,   macey, wegman,17, fairley crescent, , whalan,3037, nsw,19900407,27, 03 17158397,9840954
225,   georgia, campbell,41, lorne place, , marion,3644, vic,19660105,27, 02 14946334,7963242
497,   hollie, vorrasi,5, , kilvinton village, orbost,2470, qld,19690804,31, 02 78357257,6075712
200,   lucy, campbell,28, fisk street, erinmoore, innaloo,3173, nsw,19341027,32, 03 70337203,5546505
673, samantha, bishpp,4, colvinestreet, , cowan,3032, qld, ,42, 02 17898835,9824980
585,   daniel, tourlis,3, crisp circuit, clarence chambers, young,2031, ,19680703,28, 04 60835758,2459438
365, caitlon, wight,10, bandulla street, , dapto,2104, ,19620303, , 07 59145959,1347817
308,   william, aesche,11, wallace place, citrus country caravan park, kilmore,4350, nsw,19900813,37, 03 40042430,3172888
459,   alice, ryan,79, ashby circuit, , wangaratta,3185, nsw,19740111,33, 08 98044014,7709919
238,   mason, fearon,55, alice street, colonial cvan park, rosebud,2480, wa,19520417,8, 02 39106892,8580680
14, hamish, cassilles,7, somervill estreet, reddestone, toormina,3817, sa, ,43, 04 44734360,5835800
309,   leah, phetla,255, bertel crescent, , leichhardt,6168, vic,19830920,33, 04 25934741,9246148
697, robert, beattie,26, burrinjuck crescent, wilpena, kings park,6355, nsw,19770352,42, 03 51938073,5386536
253,   kimberley, neville,249, burkitt street, , sippy downs,2261, sa,19811209,27, ,1206863
74,   marcus, cladingboel,11, kennedy street, , moe,3630, ,19621206, , 07 96852368,7034274
561, matthew, savwio,15, yanda street, , burleigh heads,2152, nsw,19870903, , 03 36725883,5202984
234,   nicholas, webb,16, marcus clarke street, , nambour,4737, qld,19840117,38, 04 65892157,2281833
619,   rhiannon, browne,278, kosciusko avenue, , punchbowl,2535, qld,19460125,33, 07 10589328,9149818
174,   , solente,64, kanooka street, vlla 18 pacific bay resort, kalannie,3141, nsw,19681013,29, 04 71390911,2335923
549,   caleb, grosvenor,2, sugarloaf circuit, cooee, tweed heads south,4507, nsw,19700510,33, 08 15474699,9966393
774,   zane, white,24, westall place, , belmont,2430, nsw,19141209,36, 07 52859848,3053439
753,   emiily, scarce,274, caley crescent, , brooker,3173, nsw,19340618, , 07 72975396,6906232
154,   zane, neville,41, norton street, , farleigh,4211, qld,19700414,11, 07 22655216,9524958
724,   eliza, moegreen,8, giles street, nr cnr school art, angaston,3011, qld, ,36, 02 08301779,6406804
12,   jack, deakin,30, edmunds place, , keilor east,2111, nsw,19880517,35, 04 59218568,8194123
735,   henry, finlay,44, halford crescent, learmont, brunswick west,2747, nsw,19330914,25, 02 89573970,7343771
208,   jared, crouch,15, elizabeth crescent, , keiraville,2611, sa,19430209, , 03 35694820,4896413
718,   jack, carbone,257, giles street, blaxlands ck, yeronga,2166, vic,19991127, , 07 43450684,8879282
435,   thomas, manson,14, markham street, , wyoming,2200, nsw,19651226,19, 04 08485632,3220863
248, mikayla, bishop,37, goyder street, neretva, bokarona,5109, vic,19640237,30, 02 96021230,6032747
196,   logan, campbell,49, hobby place, , westlake,5700, nsw,19090428,33, 04 70185420,6387137
144,   lachlan, wilkins,3, letters street, rowethorpe, coomba,6062, qld,19621001,29, 07 24455870,9346438
367,   jack, dajeman,51, bundeela street, , oyster bay,4567, vic,19750226, , 04 49434763,4666176
562,   caleb, koldej,3, beagle street, , wooree,5023, wa, ,26, ,1666120
604,   bethany, ryan,6, richman place, upa cottages, albion park,2170, vic,19821101, , 04 27462001,5611889
694,   harrison, bradshaw,18, murphy street, , kariong,3221, nsw,19370926, , 03 54254100,6248385
389,   bianca, white,4, mundawari circuit, somerton park, maitland,5049, wa,19821015, , 04 89397217,1065278
284,   , lowry,136, farncomb place, , molong,3169, vic,19430224,29, 04 29301864,4276784
276,   maria, egan,2, tauchert street, , malvern,3183, vic, ,33, 08 13061620,4748017
722,   bree, braunack,85, magrath crescent, halcooma, meadows,3056, ,19650502,31, 02 00248832,7798430
149,   georgia, egglestone,26, keira street, , seymour,4169, ,19960202, , 02 01305626,6740903
777,   olivia, meale,22, beeston street, binnalong, coorabie,3169, sa,19480524,36, 03 58405586,3638747
48, holly, pascor,144, martinsstreet, , coleambally,6210, vic,19040612,34, 02 68326236,4661997
9,   joel, millar,183, green street, , cedar pocket,3672, ,19771107, , 04 10160200,8067435
33,   tahlia, sworzeniowski,20, inlander crescent, keilor retirement home, eight mile plains,3840, ,19921231,30, 08 01764526,5906658
251,   alisa, hare,19, benson crescent, , kurri kurri,2294, qld,19891230, , 04 96381485,9002854
254,   , rollins,22, springvale drive, , port augusta,810, qld,19170220, , 04 49363157,8960649
455,   jasper, priest,7, namatjira drive, , bungonia,2077, qld,19070806,34, 02 64919729,2595504
41,   jasmine, campbell,40, todd street, , belmont north,2163, wa,19271028,10, 07 45282267,6179877
531,   james, jolly,31, wettenhall circuit, , como,2203, vic,19531112,30, 07 31243519,8389067
380,   simone, dunstone,52, , entwood, broken hill,3082, sa,19401201, , 03 48168622,4352186
89, isabella, campbell,20, twelve trees crescent, , rivetf,5162, ns,19320910,36, 07 17793710,5283458
770,   abbey, mason,48, jennings street, mlc centre, ingleburn,2527, qld,19880704,27, 04 79646008,7381902
505,   lauren, prideaux,11, burn street, llcuttah, burwood,2827, vic,19850707,35, 03 34410319,4863063
478,   timothy, mason,13, ijong street, rosehill, lakemba,3133, sa,19400418,32, 02 38188099,5142110
48, hollie, pascow,143, martin street, , coleambally,6210, vic,19040412,34, 02 68326236,4661997
576, phoebe, kerljey,2, schwarzwplace, , anglesea,4184, ,19191213,33, 03 29685071,5752101
473,   dale, jeitner,7, napper place, alawah, keilor east,6011, nsw,19090510,32, ,2200650
790,   jackson, hand,54, bainton crescent, monarch, dapto,2075, vic,19780928,30, 03 72603704,7587131
532, johua, mcneiltl,4, limestone avenue, blue haven fillage, mcdowall,5167, qld, ,35, 08 97517010,6458357
202,   takara, koziol,62, macmillan crescent, , hurstbridge,3193, nsw,19860105,30, 07 96690979,3047783
163,   , block,26, william wilkins crescent, northbank caravan park, geraldton,2747, nsw,19880217, , 07 02969520,7805293
143,   jessica, coleman,32, chuculba crescent, , mackay north,6168, sa,19701102,37, 04 89895562,3648211
5,   tiarna, slorach,2, , , highett,4655, ,19871216,27, 07 59819244,9030724
365, caitkin, white,10, bandullastreet, , dapto,2104, ,19620303, , ,1347617
410, daniel, stubgs,9, maribyrnon gavenue, rockleigh cottage, padstow,2075, ndw,19300521,9, 08 97248512,9259759
565,   hayley, dohse,4, tarrant crescent, , bondi junction,2290, qld,19740524,26, 08 18068852,1575610
408,   saara, roxburgh,69, petterd street, stayput, forest hill,4406, qld,19141116,27, 02 01317960,1492710
633,   emiily, maetze,13, bareena place, st johnof god hospital, frankston,2289, sa,19080731,29, 08 53885216,8091209
352,   , mcturk,132, chapman street, , alfred cove,3073, vic,19330811,28, 08 88154026,6541610
546,   zachary, tiller,143, bullala circuit, , casula,2035, nsw, ,36, 02 21095160,6127202
332,   brandon, wang,282, darmody street, , benowa,3505, qld,19230829,31, 04 79431782,4109343
767,   louis, garrigan,25, clode crescent, james thomas court, erindale,2081, qld,19670402,23, 08 94947841,7638487
568,   kobe, mylne,14, goldner circuit, yarrandoo, kawungan,2042, vic,19820520,34, 04 60930023,1665364
395,   lee, coleman,155, newman morris circuit, , goonellabah,2800, vic, ,29, 03 22842250,6570706
472,   lucas, symmons,39, pandanus street, , repton,3180, wa,19500727,26, 02 35429378,1773169
620,   ella, quilliam,61, mccombie street, , toowoomba,2620, wa,19150124,8, 07 31379630,9849992
333,   benjamin, van zalen,1012, condamine street, goods la junee street, broadmeadows,6104, ,19330823,24, 08 00287118,9990135
376,   ethan, caruana,6, mueller street, , beenleigh,2582, nsw,19090728,27, 03 35112194,7593638
166,   emiily, wardle,1, de grey place, , crows nest,2283, qld,19381115,8, 02 62006543,7676373
358,   stephanie, deckert,3, enright crescent, wirreander, casuarina,3216, vic,19990407,7, 04 17274391,3591579
340, madeleine, thrpe,17, white crescent, brentwood village, paraburd oo,2343, nsw,19440332,34, 07 91659221,2436570
21,   lauren, gigney,28, knoke avenue, grandview, ringwood,3101, qld,19110604,32, 08 26879956,2656607
569,   katelyn, pascoe, , bindaga street, , hawthorn,2168, nsw, ,29, 03 02951207,1064257
293,   bailey, stanley,48, rivett street, , somerton park, , nsw,19350518,25, 08 69659985,8591503
570,   samuel, lock,51, standbridge place, , beenleigh,2756, qld,19550129, , 07 45716859,3257127
658,   bethanie, maclaine,20, beagle street, , revesby,6164, ,19421125,30, 04 31764221,6599454
236, sefh, bishop,5, , , inglewood,3133, ndw,19791002,38, 08 01798754,8719872
743,   tyler, simmonds,17, cockcroft avenue, deswod, haddon,3184, vic,19451103, , 07 07797051,2752630
121,   emma, mahony,6, sadlier street, caravn park, labrador,6302, wa,19350118,36, 07 45247601,4079760
68,   isabella, dainton,5, griffiths street, strathalan homes, kirrawee,4550, nsw,19991005, , 04 05210669,1450569
13, harrisln, ranson,63, burtt crescent, , wongarra,2470, nsw,19600814,36, 04 35383265,3971097
328,   daniel, varcoe,38, bertel crescent, , mermaid waters,2611, qld,19730806, , 04 13801649,3608650
81,   jake, fenwick,10, mcarthur place, , mount helen,6006, qld,19140815,27, 02 89215644,2424909
247, lil, solito,3, shannon icrcuit, killarloo, woodcroft,3350, vic,19100616,37, 08 15142958,2161354
526,   tara, trooper,17, pope street, , forestdale,5044, vic,19270813,23, 08 05626560,3292987
54, ales, longo,517, debenham atreet, , mulgrave east,3182, qld, ,24, 08 14133091,3601175
67,   jayden, van broekhoven,12, light street, , ourimbah,2111, vic,19551123,25, 02 49583932,6064665
523,   joel, singleton,14, ballumbir street, , sandy bay,3160, sa,19190927,10, 03 07535139,5034996
290,   daniel, hamley,67, wallis place, palm lake resort, para hills,2011, nsw,19280814,29, 03 50593682,2207041
445,   maddison, polmear,51, kurundi place, , botobolar,3180, sa,19361224,27, 02 67694969,1129920
150,   , byers,11, ashley drive, carralong, potts point,4304, qld,19590721,35, 04 03920662,7483474
328, danjel, varcote,38, bertel crescent, , mermaid mwaters,2611, qld,19730806, , 04 13801649,3608650
315,   thomas, pascoe,3, nepean place, kinjibi, port elliot,2576, qld,19080713,37, 03 63005505,6664441
15, ossie, goode,2, max henry crescent, , lindfield,2227, qld,19431106,29, 08 09352826,2786866
280,   sachin, lowe,13, maranboy street, dorothy lodge, allambie heights,2257, vic,19670208,40, 08 12773978,8387662
297,   zara, ,10, allwood street, , yarrawonga,5153, nsw,19380917, , 03 19836467,6426203
344,   annabelle, willing,21, shean place, , marsden,3079, , ,31, 07 95218203,1003159
677,   taylah, darch,42, narryer close, , lannercost,2478, nsw,19060428,29, 03 70638613,9325484
642,   maconal, calio,19, kootara crescent, , salisbury,2480, nsw,19990504,36, 04 26790485,9446976
550,   macey, theodore,74, templeton street, , beechboro,7051, nsw,19840225,26, 08 90383022,5218495
664,   joshua, cwiek,58, gurr street, bagheera, blackburn north,2650, vic,19920531,28, 02 54491823,1914371
248, mikahla, bishp,36, goyder street, neretva, bokarina,5109, vic,19640327,30, 02 96021230,6032774
378,   emma, bullock,10, northbourne avenue, , mosman,3166, sa,19120306, , 07 92424603,9218729
782,   eliza, maynard,243, howitt street, aceland poll hereford stud, rapid creek,7316, tas,19571028,21, 04 01325813,1280351
654, gillian, dixon,33, duffy stzeet, , yarooba,2515, nsw,19320717, , 07 17874136,4274356
325,   ned, matthews,6, ewing street, the park, hahndorf,2323, nsw,19700803, , 04 71666300,1226297
641,   antonio, salthouse,39, barak court, , albion park rail,2205, sa, ,26, 08 05256189,7288951
741,   jacob, mullin,208, namatjira drive, , woodville south,2212, act,19270405, , 08 48645929,3950399
717,   mhary, kowald,201, mckail crescent, ningana, innot hot springs,3429, wa,19700326,23, 08 93714569,4063592
112, chooe, trowse,62, forbes atreet, yarrandale moonee, moonta,2126, ns,19810520,28, 03 58646738,8908147
206,   jordyn, mccarthy,182, o'loghlen street, , peakhurst,4814, sa,19400804,34, 08 71711531,5937817
89, isabeula, campvell,30, twelve treed crescent, , rivett,5162, nsw,19320910,36, 07 17793710,5283458
407, jake, berry,115, jefferis street, , greensborough,4030, sa, , , 07 75234270,3433551
375, cole, white,16, la perousq street, , maribyrnong,5049, nw,19530412,28, 04 85059581,4115871
226,   hayley, wojciechowski,7, rudder place, , modbury,7172, nsw,19790831,13, 08 99345994,4542029
329,   , ryan,31, carruthers street, , belrose,2540, vic,19900227, , 08 61056147,7955961
178,   ashleigh, azimi,3, gillies street, , the point,3175, qld,19581116, , 07 78749288,5864890
368,   lucy, rapisarda,169, sellwood street, ocean star villas, northmead,3350, nsw,19220729,33, 03 47796980,3372111
748,   ruby, goetze,13, ducane street, , springwood,2580, vic,19700506,21, 04 16989931,8452110
59,   jack, laing,19, aspinall street, , bittern,5158, nsw,19991011,30, 02 90269074,9338458
784,   skye, syren,13, kinleyside crescent, wandana, penshurst,870, qld,19480518,20, 08 79611039,5599937
752,   pascale, reid,150, ern florence crescent, the lagoon, atherton,4220, qld,19190413, , 07 01112347,3966910
727,   thomas, reid, , melrose drive, , knoxfield,6026, qld,19721019,28, 04 70932511,8043673
691,   , dabinet,333, doonkuna street, , burwood,2287, nsw,19410222,35, 08 32396566,1821968
582,   heather, cradock,4, meeson street, pine hill, wyoming,3200, wa,19200406,29, 02 51642063,6659702
701,   sean, gade,6, freda bennett circuit, , bundaberg,4670, nsw, ,24, 02 26333314,7479238
379,   hayden, mason, , vonwiller crescent, , cleveland,4127, nsw,19380717,10, 08 19475140,4539763
34,   jasmyn, wiemann,7, foxall garden, , bullaburra,2500, nsw,19250310,32, 04 79667381,2169469
613,   tess, veteri,41, lampard circuit, the manor braeside, henley,5043, ,19530331, , ,2268870
236,   seth, bishop,5, , , inglewood,3133, nsw,19790102,38, 08 01798754,8719872
247, lily, solito,3, circuit shannon, , woodcroft,3536, vic,19100616,37, 08 15142958,2161354
348,   kayne, campbell,7, owen dixon drive, , tarlo,6052, ,19761005,19, 02 01696945,8300768
615,   peyton, matthews,27, medley street, carrington retrmnt vlge, cremorne,2010, nsw, ,31, 07 63662198,2646683
598,   olivia, mcdermid, , teague street, lockwood, hamilton,3174, nsw,19761220,26, ,4126133
165,   oliver, campbell,32, clive steele avenue, , carine,3971, ,19090725,26, 03 27349593,5442769
689,   callum, wilkins,13, wargi place, , vermont,4074, nsw,19670725,26, 04 17185468,9730683
697, robert, beattie,29, burrinjuck wcrescent, wilpena, kings park,6355, nsp,19770302,24, 03 51938073,5386538
216, krystian, niederkofler,55, , , moree,2295, vic,19891018,31, 04 51185006,9181293
369,   joshua, croker,76, , port 272, winston hills,4160, vic,19450115,26, 04 72123645,6603454
497, hollie, vorrasi,1, , kilvinton village, orbost,2470, qld,19690804,32, 02 78357257,6075721
431,   simone, white,140, bucknel circuit, clifden, springwood,7000, nsw, ,28, 02 46746402,9886603
391,   julia, white,3, vidal place, , mitcham,812, qld,19561225,27, 08 47767227,4461540
215,   shana, bedding,6, kulgera street, , st albans,2153, vic,19991123,31, 08 94736203,2875139
328, danie l, vacoe,39, bertel crescent, , mermaid waters,2611, qld,19730806, , 04 13801649,3608650
796,   emiily, fenwick,3, appel crescent, heathfield qld, dawesville,3760, nsw,19890428,25, 08 89978860,2211211
486, evan, reid,2, burnett street, , willetton,2077, vic,19290513,27, 04 57679195,7744608
131, madison, vinbaev,7, henry stteet, lindsey rise, fairlight,4814, ,19700355,11, 08 06589451,8614445
542,   jared, green,57, macfarland crescent, moorilla, inglewood,3184, vic,19490405,27, 02 75630457,6985129
545,   hayden, dixon,591, manity court, , bellevue hill,5290, nsw,19850614, , 08 42450488,1591787
192,   cade, guymer,682, barrett street, orchid square, port macquarie,2441, nsw,19980728, , 07 12908703,5516550
356,   maddison, blackwell,45, alpen street, , carine,3078, nsw,19621207,11, 07 83916338,3595827
609,   hayley, elphick,199, , , ,6215, wa, ,28, 03 91796424,1446197
296,   ruby, sherriff,462, truganini place, , corlette,2283, nsw, ,29, 04 98993285,9045058
725,   alex, green,5, kent street, tourist park, mullumbimby,2784, qld,19930122,31, 08 94376872,7551188
649,   , white,343, state circle, , kedron,2540, vic,19400414,28, 02 59607804,3708505
268,   jayden, green,11, paul coe crescent, , roxburgh park,4017, vic,19790731,9, 02 54672474,9048759
699, jayden, wiseian,3230, davidson street, , south perth,3073, qod,19420823,34, ,9612038
299,   alyssa, white,54, corringle close, carrington garden, mundingburra,6109, vic,19301223,6, 02 09824901,7349404
78,   ruby, mcneill,276, tantangara street, sorrento, harristown,2287, nsw,19021111,27, 07 14171003,1997535
231,   grace, hoang,114, burkitt street, , pymble,4280, nsw,19320530,26, 04 12575628,8404404
147,   harrison, ziersch,10, , , doubleview,3400, nsw,19751030,37, 08 20053955,2265828
186,   lachlan, bindoff,5, may maxwell crescent, tinkelelup, kempsey,2315, sa,19290404,19, 02 90594430,1277719
29,   lucy, gillard,22, terrigal crescent, scarborough fair, brisbane,6055, nsw,19010323,28, 08 47844730,5427388
44,   daniel, berry,7, novar street, , frankston,2526, vic,19391104, , 02 90746012,6635067
522,   oscar, bishop,8, murranji street, nelgrove park, wyoming,2650, nsw, , , 07 82279452,4480460
63,   brydee, hope,10, sturt avenue, , point lonsdale,2285, nsw, ,31, 04 53191016,2601017
414,   charlotte, beattie,39, richmond street, chippendale village, cronulla,5163, ,19291016,28, 02 92879704,4662778
728,   christian, secomb,42, burdekin street, lorimere, st albans,6230, nsw, , , 08 53057849,6084107
246,   maddison, george,61, catchpole street, , mulgrave east,4558, ,19780903,40, 02 95930445,6734651
443, caitlin, elphikc,53, bandjalong crescent, , canterbury,4128, nss,19580515,41, 07 55743494,8089860
475,   kayla, fotopoulos,5, vagabond crescent, , old toongabbie,4128, nsw,19450210,20, 04 68533612,3506194
51,   hattie, peddell,199, woodburn street, , bundaberg,2075, nsw,19500618,20, 07 24238267,9983332
82,   samantha, fitzpatrick,26, keenan street, hd allenby, currimundi,2120, ,19470907,31, 03 74650361,3220904
13,   harrison, ranson,36, burtt crescent, , wongarra,2470, nsw,19600814,36, 04 35383265,3171097
627,   vanessa, walkington, , macrossan crescent, serenity, carrara,7010, vic,19150510,25, 08 90302416,8309815
651,   alicia, ebert,157, healy place, , mount riverview,5171, , ,30, 07 23041792,3205713
487,   lucy, baillie,37, pigdon place, fingal park, barwon heads,2026, qld,19180405,31, 07 31834025,5435378
452,   cassandra, procter,30, mortlock circuit, mount patrick, burleigh heads,5063, qld,19241026,11, 02 79064986,2311391
648,   nikki, jacmon,51, bargang crescent, , pacific palms,5162, ,19061119,24, 08 23317005,8409853
71,   adam, friedman,40, hickory flat, , hamilton,4059, nsw, , , 02 61334811,9070587
588,   tess, orchard,77, karney place, mirilla, canterbury,4700, nsw,19481120, , 08 84775056,7558623
615, matthews, peyton,21, medley street, carrington retrmnt vlge, cremorne,2010, nsw, ,31, 07 63662198,2646683
468,   jacqueline, mayer,61, arthur circle, , strathalbyn,4169, vic,19450416,24, 02 30545407,8020830
486,   evan, reid,20, burnett street, rimrock, willetton,2077, vic,19290513,27, 04 57579195,7744608
460,   , stanley,4, brisbane avenue, , redbank plains,2167, nsw,19040715,27, 04 22414644,9648189
557,   lucy, gartlan,148, mannheim street, , penshurst,2099, nsw,19960726, , 03 80863505,9694544
323,   alexandra, kanellos,57, walu street, , seven hills,2560, wa,19860925,33, 02 51759970,5864046
326,   benjamin, eliassi,18, jones place, , doubtful creek,4850, ,19310331,22, ,1054480
737, joes, siviour,33, cherry place, burnisde, appin,3912, vic,19990430,8, 07 55387118,2964376
595, andoe, treneory,7, disney court, meadowview, burwood,2121, ,19880919,36, 03 02242698,2772607
247,   lily, solito,3, shannon circuit, killarloo, woodcroft,3356, vic,19100616,37, 08 15142958,2161354
534,   emiily, nesham,45, dryandra street, , aireys inlet,4700, nsw,19990910, , 08 92413485,6877824
393, jessica, kammermann,32, howarth place, , shoalwater,2460, ,19610110,21, 03 59415787,1100550
732,   breeanne, bellon,7, allambee street, , cloverdale,3201, vic, , , 07 32404788,2096184
294,   amy, clarke,354, port jackson circuit, wangi shoppng centre, bellambi,5052, nsw,19061101,41, 04 99828809,3419953
341,   kyle, nicoll,6, milari street, , nyah west,4701, ,19701017,36, 08 71615609,3022062
31,   tiffany, berryman,194, harcus close, silverbrook, mansfield,6161, nsw,19421014,6, 07 51016822,4491405
287,   kadin, fitzpatrick,364, becker place, ensleigh, moorabbin,3915, ,19340918,7, 07 41194148,4349863
649, , white,343, state crcle, , keudron,2549, vic,19400414,28, 02 59607804,3708505
513,   tayla, halligan,2, aspinall street, , rosebery,3934, qld,19401211,21, 07 71989336,4835288
306,   joshua, nyeng,201, jim pike avenue, , mitcham,2034, ,19521024,26, 07 68336926,3176320
510,   liam, white,3, gordon place, , buronga,3150, qld,19990919,33, 02 92984238,5472561
685,   bryce, sunderland,53, hannan crescent, , mayfield,5038, nsw,19660714,29, 03 01064415,2459873
676,   nicholas, lowe,200, simpson street, , bonny hills,2137, vic,19360807, , 07 44472244,3912537
416,   zac, drown,17, macgillivray street, , ,2430, ,19271111, , 08 30587980,6388913
390,   iain, miles,54, macpherson street, , bilpin,2409, wa,19430408,33, 07 90020289,1768454
278,   xavier, david,17, hutcheson street, alcarana, strathalbyn,3500, nsw, ,29, 08 09964132,8490160
508,   oliver, lette,294, gormanston crescent, , campsie,4217, vic,19240108,36, 04 79976949,7652559
97, jacinta, bishop,53, derrington crescent, , west wollongong,7251, nsw,19651206, , 07 64029547,9909386
707,   natassia, crosswell,5, theodore street, brandywine stud, rowes bay,3805, qld,19540720, , ,4578110
286,   thomas, mccaffrey,12, pinschof place, , kingsford,7250, vic,19040211, , 08 06026268,2366125
485,   andrew, white,101, homann place, lakeside manor, coffs harbour,3150, ,19270710,26, 07 34307717,9409580
688,   erin, milkins,4, knox street, , montmorency,2232, qld,19810519,30, 07 04006221,9108874
113,   kane, ,57, weavers crescent, , dandenong north,4105, nt,19021209, , 08 32553810,3452401
704,   rhys, zogopoulos,24, gellibrand street, , wangaratta,5006, nsw,19970708,7, 02 22732464,4669540
134,   eva, highet,28, smart place, , mitcham,4114, vic,19520616,30, 03 30851682,2600047
218,   esther, jardine,92, banfield street, uarah, kinross,2261, wa,19331227,25, 07 51744911,5731289
630,   sam, donkin,230, taronga place, , williamsdale,4055, nsw, ,27, 08 45076463,9005189
526, tara, tropper,1, pope street, , forestdale,5044, vic,19270913,23, 08 05626560,3292987
795,   zachary, tebby,46, bradfield street, raffa estate, ryde,3040, tas,19960827,26, 07 28219928,9895664
71, addam, friemdan,40, hickory flat, , hamiltin,4059, nsw, , , 02 61334811,9070587
191, , myles,12, marshalyl street, , ringwwod,5280, nsw,19631015,29, 04 38823268,4055017
424,   brooklyn, tunstall,22, barwon street, , lower mitcham,4220, wa,19690202,27, 03 35807006,7740177
105, darcy, balchin,82, moorhouse street, , cooloongup,2087, wa,19325011,25, 02 42036741,6986565
509, sana, mason,20, theodorezstreet, cherokee vlge, willagee,717, nsw,19360116,38, 03 60451937,9985780
497, hollie, vorradi,5, , kilvinton village, orbost,2470, qld,19698004,31, 02 78352757,6075712
447,   teagan, baillie,1, scrivener street, , kyogle,4556, qld,19390221,45, 03 38918820,7758283
18,   baxter, kang,3, brahe place, , farrer,2783, nsw,19940209,24, 08 61698999,8789470
773,   william, grafton,33, elsey street, stockland cairns, bayswater,4207, nsw,19471120,31, 07 37710397,1219874
120,   thomas, ,85, kelleway avenue, , marmong point,5082, vic,19650426,26, 07 42850684,5593843
366,   cain, butt,2, cousin place, , belgian gardens,2462, qld,19170906, , 07 38892350,8498733
799,   blake, verdicchio,15, carnegie crescent, our folly, bowral,4216, ,19470523,24, 08 49479591,2929291
54, alex, lonog,51, debenham street, , mulgrave east,3182, qld, ,24, ,3601975
324,   matthew, hearn,8, gilmore crescent, coolibah, modbury heights,3690, qld,19080313,34, 04 79143637,3336211
645,   luke, golder,85, bentham street, sec 437, briar hill,4860, wa,19021105,22, 02 78699475,5116893
671,   barnaby, lupoi,4, durham place, , charlestown,2830, vic,19581129,24, 03 04134952,6989454
622,   cameron, oats,57, winstanley street, , buxton,2474, nsw,19080727,22, 02 39522849,1791977
141,   chloe, hern,13, cockburn street, , sunshine,4101, vic,19090213,30, 07 71359604,6857699
426,   lauren, jolly,60, wakool circuit, , cable beach,2323, wa,19171218,28, 08 68503469,6495429
338,   sophie, moody,2, wittenoom crescent, , sunshine,7320, nsw,19760315,33, 04 28602552,8407286
610,   max, burford,24, blamey crescent, the lodge, hurlstone park,6056, nsw,19270415,33, 02 84347811,9117060
302,   kyle, gohl,1, eggleston crescent, karingal homes, south melbourne,6150, vic,19010623,25, 07 28546967,8874849
421,   lachlan, white, , lipman street, , kincumber,2064, nsw,19820705,33, 02 69456573,3784813
476,   elli, mijatovic,41, kaberry place, , bossley park,4567, ,19260127, , 07 91098785,5167758
23,   ryan, owerko, , loftus street, fiveways, wyoming,3151, ,19910422,38, 07 94351802,9089869
236, setn, bishop,5, , , inglewood,3133, nsw,19709102,38, 08 01798754,8719782
188,   samuel, ,20, forbes street, , tuart hill,3550, sa,19730217,30, 07 48672539,1841846
575,   helena, brain,563, lambrigg street, , scarborough,2099, nsw,19010525,26, 07 87872318,3848656
354,   liam, calow,17, galway place, , wanneroo,2526, nsw,19710524,34, 07 17991434,6902886
257,   matthew, lydon,64, , , dulwich hill,3880, nsw,19440903,25, 02 34497324,2551287
703,   jye, hearn,32, torrens street, summer hill, maryborough,5271, vic,19440509,28, 07 75784022,3115353
666, rman, shorrock,2, freney place, tilburoo, east hills,2604, nsw,19520523,28, 02 15977131,2311839
195,   leah, green,95, melia place, , orbost,4630, nsw,19050812,27, 07 44538719,3826357
209,   , thorpe,188, henty street, cranford, matraville,2282, qld,19190924,32, 08 17362208,2346645
161,   finlay, corbin,5, durack street, , carine,4219, qld,19261103,27, 08 79265995,5912722
410,   daniel, stubbs,9, maribyrnong avenue, rockleigh cottage, padstow,2075, nsw,19300521,9, 08 97248512,9259759
152,   jack, hand,7, balanu place, the canberra hospital, safety bay,2484, nsw,19460114,38, 08 09441849,1410242
361,   shaun, mcgregor,124, charlton crescent, , echunga,4387, nsw,19770601, , 04 58229218,1991937
311,   alexandra, adhikari,27, falkiner place, waters vale, punchbowl,5353, vic,19270421,24, 07 22829012,5903035
271,   matthew, green,42, , forest edge, jesmond,6168, nsw, , , 04 28541819,2620676
91,   tyrone, morrison,5, mortimer lewis drive, , spring hill,3006, sa,19571116,32, 02 69036490,7291524
693,   charlie, clarke,45, gudgenby close, rosetta village, labrador,6156, tas,19330924, , 08 39459791,5172024
20,   ella, huddy,20, mcwhae circuit, , the narrows,2067, ,19940904, , 04 94806518,9310504
48,   holly, pascoe,143, martin street, , coleambally,6210, vic,19040612,34, 02 68326236,4661997
729,   sarah, stanley,11, horizon avenue, villa 3, mosman,7053, vic,19750907,20, 07 99654705,2737793
466, sophe, takats, , cockcroft avenue, , st ajgnes,6333, ,19720522,20, 03 57980299,4857241
305,   talia, green,3, waratah street, tarahall, peakhurst,2232, sa,19990106, , 04 43155701,8101684
455, priest, jasper,7, namatjira drive, , bungonia,2077, qld,19070896,34, 02 64919729,2595504
646,   daniel, carnachan,96, maclachlan street, , rosebrook,3340, vic,19850602,28, 04 03930997,1144868
318,   joshua, donaldson,12, haines street, , nubeena,2444, vic,19240406,28, 07 89132716,1234253
496,   nicholas, hoffman,1, harry hopman circuit, brentwood vlge, pialligo,6530, qld,19161119, , 03 28510237,8432609
734, adam, blok,0, baddeley crescent, , swan view,4122, nsw,19650105, , 07 34578671,3682860
584,   ella, george,101, port arthur street, kojonolokan hills, sylvania,2114, nsw,19690326,32, 03 47564026,3061167
89, campbell, isabella,30, twelve trees crescent, , rivett,5162, nsw,19320910,36, 02 68398028,5283458
466, sophie, takats,13, cockcroftravenue, , st agnes,6333, ,19700428,20, 03 57980299,4857241
252,   catherine, wastell,3, badimara street, , mount victoria,2280, nsw,19420530,33, ,7271255
740, izaac, jolly,22, yuillep lace, , northrocks,6150, sa,19890817,35, 02 84752650,2491140
772,   gabriel, wiseman,10, waramanga place, , ,5118, qld,19700121, , 04 15898686,9189534
560,   brianna, mccracken,7, thornhill crescent, , elsternwick,3109, nsw,19131211, , 03 17820360,6832069
654,   gillian, dixon,33, duffy street, , yaroomba,2515, nsw,19320717, , 07 17874136,4274156
381,   jaime, hern,5, , brackengrae, albion park rail,3030, vic,19310120,36, 04 52332250,1250217
702, stephanie, marria,52, mount vernno drive, , prospdct,5220, wa,19240307,28, 04 99503172,2866007
224,   amelia, ,4, barwell place, , rosebud,4107, sa,19410220,22, 07 62982161,5023011
32,   thomas, donaldson,40, fitzhardinge crescent, , bullsbrook,6164, nsw,19880709,30, 03 09904714,2254894
661,   tony, paterson,289, , , cleveland,7030, nsw,19690604, , ,6688060
327,   alexandra, yusoph,192, ballumbir street, , rose bay,6171, wa,19810311,20, 04 32361031,5840615
102,   , shepherdson,11, beasley street, , mermaid waters,3496, ,19131106, , 08 51947777,7467703
528,   matilda, hurl,18, bellchambers crescent, , moorabbin,3156, ,19240910, , ,8404299
230, jese, ryan,11, guthridge crlscent, withern house, old bar,2371, vic,19891224,9, 07 08180970,5946746
439,   jasmine, strehovski,86, burhop close, lyra park, lake munmorah,2153, act,19700413, , 07 46751904,4107785
787,   lee, webb,3, sturdee crescent, granite hills, bassendean,2151, qld,19801013,31, 08 54628054,9946199
462,   ky, ludeke,84, copland drive, , greensborough,2032, qld,19510403,35, 03 80798508,5314855
643,   dean, bissett,5, fink crescent, , artarmon,4570, ,19741105,30, 08 74197010,8176820
292, vincent, wade,2, henty street, eureka, beaudesert,3995, vic, ,34, 04 97518974,7119433
181,   angus, heraud,45, santalum street, , booragul,2646, vic,19420821,32, 08 34153139,8770392
11,   teagan, ,11, spinifex street, , everard park,6102, nsw,19390321, , 02 23080660,7933788
7,   nathan, spark, , ware place, , paddington,2153, vic,19581208,12, 07 94662059,4297825
203,   emiily, van kalker,1, biffin street, , rosebud,3977, nsw,19701130,39, 08 71032856,2206362
734, adam, block,9, baddeley crescent, cotton tree caravan park, swan view,4122, nsw,19650195, , 07 34588671,3682760
793,   luke, campbell,72, barangaroo street, , lavington,2440, qld,19151028,22, ,6754138
443, caitlin, elphick,51, bandjalong ccrescent, , canterobury,4128, nsw,19580575,41, 07 55743494,8089860
373,   emiily, krollig,239, dominion circuit, kinara, pakenham,5019, qld,19080424,27, 03 31000583,6738442
199,   alessandria, godfrey,4, warragamba avenue, , joslin,2112, vic,19200131,34, 08 99521141,4805647
397,   deakin, asser,32, , , crestmead,2088, wa,19840701,30, 03 30670011,6820757
84,   taylor, westbrook,14, heard street, , alice springs,5253, sa,19110914,27, 07 26476161,4654953
492,   wil, white,20, don place, , port macquarie,2289, wa,19570501,31, 08 64617059,3807173
706,   nathan, stephenson,9, halford crescent, owena, burwood,2730, nsw,19010518, , 04 33480415,7075507
10,   mikaela, robson,18, ulverstone street, , redridge,2850, tas,19110318,29, 02 20078646,9952295
230, jess, ryan,11, guthridge ceescent, withern house, old bar,3218, vic,19891224,9, 07 08180970,5946646
477,   heath, sherriff,103, betche place, rosehill, maydena,2530, nsw,19961217,22, 03 54709223,2098706
682,   emiily, coulson,19, duterrau crescent, suffolk downs, jerrabomberra,2479, vic,19220819, , 04 09335495,8820054
281,   carlin, gunnell,1, illidge place, , leichhardt,2486, nsw,19230622,30, ,1885493
184,   hamish, shoubridge,57, chambers street, row 1, revesby,2046, vic, ,9, 03 78836945,3853145
648, nikk, jacnon,51, bargang crsecent, , pacific palms,5162, ,19061119,24, 08 23317005,8409853
17,   sara, greenhalgh,49, burraly court, , burpengary,3568, nsw,19330314,33, 07 22616271,2716066
53,   erin, boyle,6, atkinson street, cannonvale whitsunday shopping centre, southern cross,2317, nsw,19060505,31, 03 57203355,5727038
133,   toby, hewson,14, wyselaskie circuit, stone oak farm, bossley park,6107, nsw,19230823,20, 08 17235079,5597290
583,   ruby, benger,1, paddys river road, argyle garden, willetton,4114, vic,19751110,26, 07 37135917,7795215
362,   michael, mccarthy,99, rogers street, , mount beauty,6018, qld,19770221,29, 07 89287697,2675468
90,   , garden,122, pinkerton circuit, , pascoe vale south,4218, nsw,19260228,26, 02 90136047,7688022
607,   thomas, coffey,71, armbruster street, allandale, dural,5031, vic,19821026,33, 07 91711061,8987427
314,   brayden, benger,52, mcgowan street, , putney,4811, qld,19040930, , 03 93154114,7899353
438,   samantha, bergamaschi,9, waramanga place, , watsonia,5070, nsw,19300623, , 04 04474162,3342308
331,   teal, maynard,23, , , rowville,4055, nsw,19260504,31, 03 61473031,4276636
481, jain, paterspn,13, canning street, , llanarth,4305, nsw, ,38, 07 44598583,2959451
506,   jeremy, bartel,14, parer street, , boddington,2262, nsw,19810403, , 04 83178141,8432799
129,   joel, willering,20, hirschfeld crescent, , avoca beach,2785, nsw,19950922, , 07 96908092,2290249
652, sascha, hitchenlr,24, john russell circuit, telooma, paddington, , viv,19711225, , 04 08683148,1936588
617,   chelsea, van den hoogen,155, balala place, , scarness,6025, wa,19340303,21, 04 11398067,7232086
466,   sophie, takats,133, cockcroft avenue, , st agnes,6333, ,19720522,20, 03 57980299,4857241
8,   deakin, jesser,3, jinka street, , hampstead gardens,2486, qld,19471010, , 02 58234840,2166345
553,   kristo, rocca,11, namatjira drive, , st albans,3133, vic,19870630,9, 02 04139483,4045723
146,   shakira, leslie,421, manity court, jinderoo, douglas park,3393, qld,19801120,35, 02 29537335,9900831
26,   hugh, uffelmann,200, coolibah crescent, villa 5, tingalpa,4740, nsw,19161005,34, 03 57541745,8776349
245,   isabella, reid,27, bastow circuit, , mirrabooka,2763, wa,19111210,32, 08 90927032,3136115
279,   alana, browne,29, melrose drive, fiveways, terrigal,3138, nsw,19940626, , 03 22510832,2619443
37, zara, white,13, westhoven street, , knoxdield,2559, vic,19461129,37, 03 89881976,1783324
687, abbey, narracott,6, burtt crescent, , worongary, , ,19540817,37, 02 41340585,7561965
205,   kelsey, boase,27, wakefield garden, , bull creek,6445, nsw,19691216,31, 08 34639640,7645068
428,   michael, buhagiar,44, wagga street, , bundaberg south,5082, vic,19940803, , 03 86976757,7235035
385,   kayla, webb,11, henty street, jemular downs, ashwood,6167, wa,19920201,25, 08 91460844,8232095
185,   sarah, joinbee,1, battersby circuit, hmas cerberus, dunsborough,4701, vic,19690122,33, 03 71816512,9678897
798,   chloe, ryan,7, blackman crescent, , knoxfield,3557, nsw,19460821,27, 04 60991215,3928892
536,   benjamin, everett,541, shackleton circuit, , park orchards,4519, nsw, ,24, 08 18045759,8775342
638,   joshua, buckmaster,20, brid place, , windradyne,3987, ,19290718, , 08 19894575,9098528
35, jye, ho,337, bettington xircuit, quinden, toowoon bay,3717, nsw,19640317,28, 02 88428684,8819104
365, caitlin, white,19, bandulla kstreet, , dapto,2105, ,19620303, , 07 59145959,1347617
96,   campbell, gilbertson,10, ferguson circuit, lashbrooke, oak park,2060, wa, , , 04 90153801,9195755
673,   samantha, bishop,4, colvin street, , cowan,3032, qld, , , 02 17898835,9824980
768,   katie, cresp,15, florey drive, , rosebud,4869, nsw,19790218,31, ,7327067
80,   lachlan, cochrane,41, lee-steere crescent, , labrador,3144, vic,19800416,33, 07 34733898,7048995
210,   julia, chandler,15, deamer crescent, , underdale,3180, qld,19290226,21, 07 31250976,1148021
769,   jessica, callister,2, castlereagh crescent, whylackie, riverwood,3318, vic,19661214,29, 02 36782234,7268497
409,   nathan, webb,5, cygnet crescent, , tully,5127, sa,19910426,25, 07 26609132,8752410
660,   alec, steed,96, pearson street, , bundamba,2768, nsw,19110404,13, 04 15710925,2214553
119,   , large,9, dunlop street, , ,3825, qld,19870721,28, 04 58192142,1001210
533,   brianna, hammer,57, archdall street, , beverly hills,6063, wa,19850112, , 03 72976189,5183564
349,   trey, neylon,60, wettenhall circuit, hse 139, atherton,4123, nsw,19041117,32, 04 66263311,2908383
415,   giuliana, browne,6, ferguson circuit, , ingham,2084, nsw,19790703, , 04 81231597,6072953
462, ky, ludekfe,84, coplans drive, , greensborough,2032, qld,19510403,29, 03 80798508,5314855
364,   jarred, warneke,2, waller crescent, kilvinton village, pakenham,6355, vic,19850827,40, 08 71084056,1076167
295,   lachlan, freeburn,25, newdegate street, , bundaberg,3187, vic,19291120, , 03 75122728,6568837
105, darcy, balchin,2, moorhouse street, , cooloomgup,2087, wa,19320511,25, 02 42036741,6986565
151,   lily, mccracken,38, twynam street, , swan view,4659, sa,19910821,35, 04 21201911,7278744
99,   ethan, white,64, bingley crescent, , moree,3011, vic,19690731,25, 04 90855524,4816757
350,   magnus, bissett,17, nugal place, , ingleburn,6153, nsw,19170320,36, 03 79943174,3115543
266,   blaize, hyles,83, totterdell street, mianga, ,4564, qld,19021016,8, ,1910548
65,   sophie, ruutel,6, corrigan place, treasalee, kirwan,2088, qld,19111217,12, 02 25367481,2280643
175,   joshua, ,194, mcinnes street, , armidale,2530, nsw,19290701,31, 08 63426146,1298636
114,   bailey, henshaw,32, toohey place, , beverly hills,4570, tas,19060328,29, 07 47380385,2108859
248, mikaynla, bishoo,36, goyder street, neretva, bokarina,5109, vic,19640327,30, 02 96021230,6032774
577,   nicholas, mcneill,7, hinkler street, snorter hill, ashbourne,2441, nsw,19941014,26, 03 63426891,6784480
91, tyrone, miliano,5, mortimer leis drive, , spring gill,3006, sa,19571116,32, 02 69036490,7291524
567,   madison, dulko,2, hosking place, antelle park, hoppers crossing,6285, nsw,19030530,30, 08 88625048,2642895
500,   jade, robson,18, haydon drive, , oakden,3199, sa,19401002,27, 03 83954395,3920021
106, andie, apted,6, rolph place, , southbank,2440, qld,19140209,34, 03 70479165,3430144
255,   hannah, leaver,8, barton highway, , camperdown,5162, vic,19640302,39, 03 30517053,9785927
14,   hamish, cassilles,7, somerville street, reddestone, toormina,3187, sa, ,34, 04 44734360,5835800
159,   jessica, clarke,22, mclorinan street, glenlee, culburra,2429, sa,19261004,19, 03 37741875,4582912
482,   joshua, white,2, namadgi circuit, , maiden gully,2121, vic,19740911,34, 07 79374110,9076991
519,   sophie, campbell,26, walu street, , kangaroo flat,4702, qld,19770504, , 04 89494448,4769542
347,   , myles,67, edlington street, , doubleview,6156, vic,19781113,10, 07 64179405,9687828
437,   angus, petersen,3, grover crescent, , mount evelyn,4285, wa,19260406,39, 04 38506676,6039586
597,   garth, yost,6, lienhop street, talasea, ermington,2016, nsw,19630421,37, 04 60398553,2980297
481, jaxin, paterson,13, , , llanarth,4305, nse,19630370,38, 07 44598583,2959451
769, jessica, callister,1, castlereagh crescent, whylackie, riverowod,3381, vic,19661214,29, 02 36782234,7268497
692,   alexandra, lyden,13, atherton street, , avalon,4886, vic,19371024, , 02 21831291,9765758
404, mikhayla, zimmermann, , banvard place, wallerwaugh, tea tree gully,2030, qld,19438018,33, 03 62740428,8370653
351,   lachlan, garcia,10, bargang crescent, , sylvania,4868, vic,19940608,26, 03 42544059,2045046
329, , ryan,31, carruthers street, , belose,2540, vid,19900227, , 08 61056147,7955916
463,   mikayla, noble,31, euroka street, , flemington,6152, wa,19210825,20, 04 10808517,7715684
454,   cheyenne, binns,18, mawson drive, , toowoomba,3173, vic, ,26, 04 81474572,1726428
427,   emiily, reuter,20, rapanea street, , ascot park,2101, vic,19280609,33, 04 74807037,2672951
616,   joshua, michalek,73, woolnough street, , ardeer,7009, qld,19231028, , 08 08993851,5667822
227,   gillian, kerley,5, diggles street, st john of god hospital, burwood,2600, vic,19541120,34, 04 25855577,6151061
88,   oliver, stubbs,51, mainwaring rich circuit, , beverly hills,2198, vic,19580710,12, 03 28461128,9635668
709,   mathilde, fardell,56, togo place, brentwood vlge, dulwich hill,2322, wa,19010629, , 02 57327583,9546066
440,   james, laing,56, kambalda crescent, , lilydale,6009, qld,19630809, , 07 27465843,8553887
187,   abbey, matson,991, browne place, killarney, loganholme,2428, vic, ,23, 07 00724037,9818367
250,   thomas, doody,28, beasley street, , albury,2753, qld,19200915,34, 08 31724451,1993821
446,   michael, george,22, groom street, ballymannin, bonython,4163, wa,19940309,25, 08 19330764,3464661
179,   alexander, purdon,68, hoddinott street, , taigum,2754, qld,19270520, , 04 59807062,8405365
183,   kylee, stubbs,3, mountain circuit, locn 316, mosman,2526, nsw,19010606,9, 04 31451670,8076390
461,   madelyn, rusack,11, stretton crescent, bimby vale, sunshine,4852, nsw,19310603, , 08 84862405,6547706
97,   jacinta, bishop,53, derrington crescent, , west wollongong,7253, nsw,19651206,34, 07 64025947,9909386
484,   mitchell, braithwaite,14, mugga way, , swan view,2035, qld,19140927,31, 02 55968027,6066049
244, brodoke, eylds,6, haines street, spring banks, palmerston,4820, nsw, ,20, 08 64971838,9315124
465,   thomas, benjafield,8, woods place, , kununurra,3075, ,19910419,32, 04 65560782,7307586
412,   sarah, diniro,1, outtrim avenue, redlands, lavington,2330, vic,19660116,36, 02 47867903,3537624
450,   anika, moyse,30, newman morris circuit, , alice springs,4824, nsw,19190824, , 03 77332903,8681217
291,   amelie, crosswell,26, currie crescent, , como,2441, nsw,19570306,9, 02 42771993,2299526
71, adar, friedman,40, hickory flat, , hamiwlton,4059, nsw, , , 02 61334811,9075587
518,   joel, green,68, carroll street, durambang, homebush,4744, nsw,19291117,28, 08 90454174,2754412
285,   , whatling,38, want place, moranbah, valentine,4820, vic,19750506,30, ,6401742
601,   melinda, robson,33, stacy street, , woollahra,3977, vic,19120214,9, 07 59946341,3164754
15, oscar, gooee,26, max henry crescent, , lindfiweld,2227, qld,19431206,20, 08 09352826,2786866
198,   ryan, paine,48, neilson street, , aroona,2320, nsw, ,37, 08 95526379,4423393
346,   , bishop,23, ellerston avenue, , longreach,2770, nsw,19900628,24, 04 93750528,3028368
437, angus, petersen,4, grover crescent, , mount eelyn,4285, ws,19260406,39, 04 38506676,6039586
401,   alexandra, ,5, pilbara place, cumkillenbar, bicton,2810, nsw,19980423,25, 08 15766787,5061632
657,   jamie, clarke,8, serpentine street, , toowoomba,3805, qld,19051221,20, 02 69801038,7505616
776,   imogen, green,7, saltash place, waterdale, scarborough,2071, wa,19610803,30, 02 09507444,3431298
590,   india, ellston,376, dalabon crescent, brentwood vlge, smithfield,2200, qld,19680318,35, 07 88726603,1242784
93,   mitchell, battisson,59, veale street, fairholme, ingleburn,5523, ,19050620,22, 08 54354283,7300700
791,   oscar, ryan,10, glasgow street, , raymond terrace,2485, nsw,19330316,31, 03 22046851,7083071
618,   samantha, radic,32, shannon circuit, fruinn glen, glengowrie,7470, ,19140701,30, 08 25832699,2758291
629,   max, stanbury,2, cashion court, shiloah, epsom,6171, qld,19160228,24, 08 97091702,7851716
761,   , korff,167, britten-jones drive, beswick comm, jamberoo,6010, qld,19941119,34, 03 03837924,9293937
307,   emiily, mchenry,9, green street, milly milly, waroona,2200, sa,19031215,34, 04 27452735,8962508
158,   talia, pascoe,438, crommelin place, , thornleigh,4570, nsw,19640325,34, 04 76722547,4879300
64,   jacinta, campbell,90, harcourt street, dp 808602, williamstown,7011, wa,19100923,29, ,7343503
442,   zarran, sliuzas,51, eyre street, willalooka, westmeadows,3475, vic,19090805,34, 07 86684999,5939443
477, hezth, sherriff,101, santalum street, rosehill, maydena,2530, nsw,19961217,22, 03 54709223,2098706
529,   oliver, fenwick,11, shumack street, kemminup farm, bundanoon,3212, nsw,19981127,29, 07 64102563,5518549
556,   zachary, hearn,78, hobart place, , carlingford,2560, wa,19050801,22, 03 60837714,5800316
433,   abbey, kelley,19, outtrim avenue, , normanville,2825, nsw,19740117,38, 03 92825827,1899403
595,   andie, trenerry,7, disney court, meadowview, burwood,2121, ,19880919,36, 03 02246298,2772607
46,   william, mccarthy,710, walsh place, , innisplain,4152, nsw,19710201,22, 02 50547743,1207051
764,   thomas, widdowson,33, noble close, , semaphore park,6383, nsw,19800428,29, 08 98065489,6540328
117, benjamin, hawe,2, harding street, dunmoven, toowommba,2710, vic,19871021,27, 07 15425607,9455395
182,   jamie, brooker, , lyall crescent, , deer park,3011, qld,19610220, , 04 04456661,4327072
112, chlde, trowse,62, forbes street, yarrandale moonee, moonta,2126, naw,19819520,28, 03 58646738,8908147
509, sana, mason,20, theodore treet, , willagee,7017, nsw,19360116,37, 03 60471937,9985780
40,   luke, graue,107, radcliffe street, , coombabah,5112, qld,19980307,28, 03 20143153,9014521
624,   isabella, crofts,4, bandjalong crescent, , kiara,3142, nsw,19700406,31, 03 84508881,2819350
574,   nasyah, bloomfield,8, stephen street, , parmelia,2583, qld,19990331,29, 04 08278733,8596777
564,   chloe, zilm,21, govett place, seagulls football club, lake munmorah,2611, qld,19990729,25, 04 16042180,7730555
563,   ella, matthews,42, bruche road, , queenscliff,6027, sa,19040712,21, 04 99632317,8967326
599,   kyle, mantel,27, lampard circuit, , miami,6156, vic,19310328,27, 03 40757110,9166004
481, jaxin, paterson,15, canning street, , llanarth,4305, nmw,19603730,38, 07 44598583,2959451
734, adam, block,7, baddeley crescent, , swan view,4212, nsw,19659105, , 07 34588671,3682860
576,   phoebe, kerley,2, schwarz place, , anglesea,4184, ,19191213,33, 03 29685071,5752191
35, jyd, ho,331, bettington circuit, quinden, toowoon bay,3717, nsw,19640347,21, 02 88428684,8819704
411,   juliana, shepherdson,58, appel crescent, , blue haven,4670, vic,19480923,46, 02 77636218,7539221
57,   jessica, wiseman,11, marconi crescent, , broken hill,2101, vic,19830130,35, 02 03797515,4845007
571,   ruby, ,13, jasper close, , bundaberg,3621, nsw,19060329, , 03 07981791,1349185
117,   benjamin, hawes,43, harding street, dunmoven, toowoomba,2710, vic,19871021,27, 07 15425607,9455395
483,   nicholas, galangarri,12, mccrae street, piney range, frankston,3058, vic,19931013,42, 04 26119093,9202245
497, hollie, vorraso,5, , kilvinton village, orbost,2470, qle,19240106,31, 02 78357257,6075712
392,   benjamin, benjafield,7, ross smith crescent, , panorama,5109, vic,19680601, , 03 34612196,5905445
650,   zoe, mcgarrigan,48, angliss place, , joondalup,2776, qld, ,29, 08 44722062,3492004
244, brooke, eyles,6, haines street, springbanks, palmerston,4820, nsw,19610128,20, 08 64971838,9315114
355, kaitlyn, webh, , kallarao road, , wouree,3350, vic,19500313,32, 02 68898198,3602255
375, nicholas, white,15, la perousr street, , maribyrnong,5049, nsw,19530412,28, 04 85059581,4115872
656,   harriet, burnell, , hopkins street, , cambooya,2760, nsw,19181127,10, 08 25137624,8502386
345,   bethany, bullock,28, prendergast street, , waroona,3015, qld,19650317,25, 02 28269967,7503402
669,   jacob, vincent,47, kalgoorlie crescent, , summer hill,2564, qld,19850928, , 04 24632809,3397793
136, bianca, campbell, , , , lilydale,3976, wa,19601912,9, 07 24898440,5148569
400,   mia, mccarthy,7, , , white hills,4217, wa,19391010,38, 07 55309715,2885636
507, sophie, wiwloch,13, werriwa crescent, , gunn,3505, nsw,19540518,31, 08 29512292,5180003
719,   molly, pinto,18, nimbin street, , preston,4740, vic,19001117,32, 02 77675963,9844002
377,   harrison, roebuck,215, chuculba crescent, , kings park,2640, vic,19310425,29, 02 25218186,2067364
561,   matthew, savio,16, yanda street, , burleigh heads,2152, nsw,19870903,31, 03 36725883,5202984
720,   rebecca, hassell,5, suttor street, wagin medical centre, oak park,2289, vic,19031105, , 02 58717041,6043287
191, , myles, , marshal street, , ringwood,5280, nsw,19631015,29, 04 38823268,4050517
155,   olivia, rees,4, ryan street, , cronulla,4053, nsw,19710820, , 07 08825000,8523188
594,   jessie, berry,17, shumack street, , caulfield,2540, ,19510130,33, 08 90855361,8741679
573,   brooke, rundle,34, revill place, , upper coomera,3041, sa,19760729,24, 02 74137598,6295750
232,   , mason,2, alexander mackie circuit, sunset, innaloo,3125, nsw,19610918,30, 07 68909988,4165693
283,   phoebe, buchhorn,73, davey crescent, , kangaroo flat,3196, vic,19200802,29, 03 75009562,6044265
145,   abbey, walch,23, wenholz street, , cardiff,3104, nsw,19730807, , 02 64153817,9130933
680,   luke, miles,8, burns circuit, rivonia, burpengary,2257, nsw,19600818,30, 04 38478776,6760228
97, jacinta, bisyop,53, derringtonvcrescent, , west wollongong,7235, nsw,19651206,34, 07 64025947,9909386
591,   toby, gogel,45, wybalena grove, , torquay,6152, qld,19430616,27, 07 44898836,3447209
731,   gabrielle, clarke,45, kellway street, court units, o'malley,2641, ,19180113,27, 08 61455043,9890357
589,   cooper, jackermis,26, alston street, , tingalpa,2864, vic,19980123,36, 04 57028221,8356712
301,   luka, wiseman,56, brazel street, civic centre, peterborough,4655, sa,19120920,36, 04 08872457,4555897
37, white, zara,19, westhoven street, , knoxfield,2559, vic,19451129,37, 03 89881976,1783314
43,   harrison, halinen,169, meyers place, , mosman,5041, qld,19590822,31, 02 82988911,6849529
104,   alexis, humphreys,48, fihelly street, aratula street, greenwith,4550, nsw,19960109,22, 04 26914328,2466611
220,   william, higlett,14, eggleston crescent, , andergrove,3820, vic,19711211, , 04 94500334,7395979
274,   demie, clarke,71, stretton crescent, miranda, lakemba,4035, qld,19961208,20, 07 98374073,7485133
733,   emiily, chorley,62, heydon crescent, , cabramatta,2304, vic,19410320,31, 02 44486851,5099251
75,   abigail, anninos,6, andrews street, , wahroonga,4350, nsw,19200525,27, 02 10548213,7744005
219,   james, clarke,92, edwell place, , boondall,4114, qld,19320730,27, 03 86692496,6155471
498,   liam, snoad,19, wellington street, lyndan, netley,4066, vic,19791021,30, 02 68578305,2747769
33, tahlia, sworzenidwski,2, inlander crescent, keilor retirement home, eight mile plains,3840, ,19921231,30, ,5906658
763,   tahlia, lodge, , wirilda street, , lockwood,3151, nsw, , , 03 72562461,6679482
118,   bailey, carmody,21, absolon place, dundindi, yarram,3015, ,19440622,30, 02 18671046,2854280
343,   campbell, smallacombe,7, wattle street, yggdrasil, ballarat,4224, nsw,19180725,27, 07 02361477,2578589
54, aldx, longo,597, , , mulgrave east,3182, qld, ,24, 08 14133091,3601975
241,   holly, lowe,11, grampians street, kela, croydon north,5680, vic,19090228,31, 08 27724269,7256930
112, , trowsd,62, forbes street, yarrandale moonee, moonta,2126, nss,19810520,28, 03 58646738,8908147
126, maconal, ,16, wheatley street, colonial cvan park, mentone,2217, qld,19500918,31, 03 25116636,3636330
587,   sienna, gogovcev,1, bougainville street, , beaumont,5014, qld,19630310,30, 04 62324240,5176740
456,   aleisha, tschirn,17, lavater place, , mosman,2289, nsw,19211013,11, 04 81411350,7396152
300,   talia, lowe,11, buned place, , taree,4226, qld,19900113,33, 08 06483105,6416255
237,   holly, white,36, spica street, , cooktown,3123, wa,19311213,37, 03 06658817,1260072
714,   flynn, george,49, corringle close, monkani, collinswood,2251, nsw, , , 08 43305617,6330231
156,   tara, nurse,59, verdon street, tillside, briaba,2571, nsw,19740323,31, 04 94625660,5678104
535, courtey, stanley,1979, ovens street, mowbray, gordonvale,9342, nsw,19570525,33, 04 45386282,2802759
25,   henry, flockhart,24, foskett street, , macmasters beach,6018, qld,19330418,25, 02 12768105,2810525
612,   sophie, boyle,2, atherton street, , north bondi,3171, wa,19041014,23, ,5883364
115,   connor, manfong,7, martley circuit, westerham, nemingha,3814, qld,19640828, , 04 11006749,3766965
342,   brody, whatling,7, cowlishaw street, , maitland,2830, tas,19010124,30, 07 02935279,7512443
212,   joshua, ,550, o'conner circuit, , ivanhoe,7300, qld,19940212,32, 07 63153110,7654699
683,   jack, reuter,7, shellshear place, glenlee, indented head,7009, qld,19710719,28, 03 30508046,7872627
335,   maconal, herbert,3, alpen street, , bligh park,2090, nsw,19000822,26, 08 06574659,1439518
551,   thomas, seen,5, boolee street, , willow grove,4655, qld,19330126,24, 08 03247258,1996867
690,   charlie, alste,126, lapsley street, cressy grove, hay,2032, qld,19570710, , 03 78503396,3199935
191, , myles,13, marshallstreet, , ringwpod,5280, nsw, ,29, 04 38823268,4055017
558,   jordan, quinton,51, slavin place, , brunswick west,2902, tas,19241106, , 02 66843107,2717344
510, liam, white,3, gordon pkace, , buronsa,3150, qld,19990919,33, 02 92988238,5472561
797,   jack, dixon,22, lindrum crescent, , sunshine,4807, wa,19890316,30, ,5313885
566,   paris, dunnicliff,24, britton place, , seven hills,4510, vic,19000818,32, 02 22544595,5186806
662,   patrick, nevin,45, durack street, , bunyip,2010, qld,19350121,21, 08 97597685,8738842
451,   chelsea, philcox,34, higgins place, caringal, goonellabah,2758, vic,19390402,23, 04 40222778,5499524
247, lioy, solito,3, shannon circuit, killarloo, woodcrpft,3356, vic,19103616,37, 08 15142958,2161354
136, bianca, cambell, , angas street, , ,3976, wa,19610912,8, 07 24898440,5148659
595, andie, trenerry,5, disney court, meadowview, burwood,2121, ,19808919,36, 03 02246298,2772707
58,   finn, mcelwee,20, iron place, , pindi pindi,4556, qld,19990909,31, 07 09291173,2100226
196, log an, campbell,47, hobbh place, , westlake,5700, nsw,19090428,33, 04 70185420,6387137
443,   caitlin, elphick,51, bandjalong crescent, , canterbury,4128, nsw,19580515,41, 07 55743494,8089860
355, webb, kaitlyn, , kallaroo road, , woere,3350, vic,19500313,32, 02 68898198,3602255
272,   aidan, bissett,12, tepper circuit, wild cattle island, st kilda east,2365, wa,19631004,37, 02 38567192,6523833
316, jack, musolino,35, brough place, , brigchton,3216, vic,19410802,92, 03 27760673,1251792
602,   joshua, noble,24, messenger street, wondersun, cobar,2428, vic,19071116,31, 07 99492800,6648623
668,   dante, mccarthy,12, freda gibson circuit, , st albans,2000, qld,19050308,27, 07 48611155,3218613
298, abigial, mason,62, tenison-woods circuit, , greenwood,2261, vic,19840315,28, 02 60667534,5935027
539,   pia, kowald,188, casey crescent, condor, bellevue hill,3064, wa,19071201, , 02 55669919,9621893
48, holl, pascoe,143, martin street, , coleajbally,6210, ,19040612,34, 02 68326236,4661997
406,   hannah, orchard,26, schonell circuit, , lower templestowe,2343, nsw,19501012,30, 03 84384675,1226012
469,   makenzi, mohring,9, stephens place, , northampton,6023, qld, ,38, 03 83719366,9216116
233,   harrison, lund,38, namadgi circuit, logan central plaza, lake heights,3175, vic,19980629, , 02 64700125,5529527
230,   jesse, ryan,11, guthridge crescent, withern house, old bar,3218, vic,19891224,9, 07 08180970,5946746
793, luke, campbell,729, barangaroo street, , lavington,2404, qld,19151038,22, ,6754138
730,   montana, george,733, caddy place, , altona meadows,2170, wa,19070922,11, 04 66469086,3468413
320,   thomas, white,11, musgrave street, boxwood vale, ,4500, vic,19991119, , 08 07492639,9613763
721,   sophie, lamprey,95, frencham place, robertson barracks, undercliffe,2487, vic,19480820,39, 04 55703867,3365285
273,   cooper, fauser,6, mccarthy road, , ormond,2460, qld,19181025,32, ,2195875
217,   logan, dixon,18, patey street, , clarence park,5067, qld,19291007,32, 07 01841147,9485363
480,   paul, mason,58, meyers place, , kilsyth,2765, wa,19080131,39, 02 00748830,7284356
101,   jessica, beattie,1, mersey place, , blacktown,2117, wa,19160125,29, 04 81622978,5749867
384,   sophie, bradshaw,9, frost place, , kingsford,3220, nsw,19621114,35, 08 22772479,8502722
745,   luke, thorpe,29, barber crescent, , atwell,2850, qld,19230731,29, 02 20424783,3629333
163, , blocrk,26, william wilkinqs crescent, northbank caravan park, geralton,2747, nsw,19880217, , 07 02969520,7805293
382,   aaron, linnell,6, wylly place, , blackmans bay,3125, vic,19451221,38, 03 50194644,5459566
191,   , myles,13, marshall street, , ringwood,5280, nsw,19631015,29, 04 38823268,4055017
749,   kayden, hyland,15, mcbryde crescent, osters, beechboro,2905, qld,19180122,34, 08 79766818,2065292
16,   lucy, rees,54, larkin close, , scarborough,4560, wa,19940519,28, 03 88484397,1391598
783,   brooke, george,8, chisholm street, flt 10, mill park,4218, ,19990113, , 07 21377790,6705226
429,   hugh, hayball,123, julia flynn avenue, , blayney,4101, ,19890316, , 08 73642881,7255053
740,   izaac, jolly,22, yuille place, , north rocks,6150, sa,19890817,35, 02 84752650,2491240
548,   chelsea, stubbs,75, jackie howe crescent, , mepunga,3437, vic, ,30, 07 30896390,6594719
780,   mathilde, coffey,5, noel ryan garden, , pymble,820, qld,19010711,24, 04 38110891,8352621
605,   archer, hyland,17, slessor crescent, , orange,3174, vic,19320510,29, 03 13253720,5877721
153,   harry, olechwicz,23, goyder street, palm grove, ellenbrook,2250, qld,19970408,32, 02 29254485,1547474
444,   carmen, andretti,1195, biala place, mandalong, wellington point,6057, vic,19790415,26, 07 60299674,5949223
540,   jackson, mccarthy,2, craydon place, , st ives,5038, nsw,19510518,40, 03 42185226,3638149
514,   aloysius, bishop,8, sweet place, callatoota, mitcham,2570, nsw,19511225,31, 02 33078881,1391438
180,   shanaye, campbell,15, dulverton street, , spearwood,2290, vic,19800503,26, 03 72206372,6140380
256,   joshua, clarke,5, kellick place, malmani, strathalbyn,2033, qld,19431231,27, 04 30935051,6822755
712,   jake, tu,12, , , mount evelyn,4211, nsw,19961221,35, 02 01148763,3288936
69,   lily, berry,8, bunbury street, lissoy holdings, st lucia,5043, wa,19680821,39, 08 64355985,2696223
52,   michael, robison,62, , rosetta village, ,2615, nt,19831207, , 02 20012827,9301447
160,   blake, frantova,108, halfrey circuit, , hughes,6105, sa, ,25, 04 08146089,5034400
592,   riley, benger,13, blamey crescent, , whittington,5114, vic,19130102,24, 07 62012895,6229046
216,   christian, niederkofler,55, , gungarlin, moree,2259, vic,19891018,31, 04 51185006,9181293
663,   renee, bloomfield,57, glendale street, lylehurst, telegraph point,3140, qld,19150530,29, 03 11967432,4958658
470, aleisha, dixon,8, birchallstreet, armitage, forarest,4650, qld,19071219,13, 02 42862785,8461326
364, jatred, warneek,2, waller crescent, kilvinton village, pakenham,6355, vic,19850927,40, 08 71084056,1076167
512,   kody, procter,5, irvine street, , irymple,6164, vic,19100725,34, 04 66936485,6095415
259,   kieren, le lievre,45, story place, , bexley north,4701, vic,19580806,7, 02 26416794,4244283
3,   alexander, hilton,70, hemmings crescent, , dandenong north,5043, sa,19340523,30, 08 01995641,9674954
303,   jacob, dooley,20, pandanus street, , sefton,5259, nt,19620422, , 08 51231565,4038739
632,   flynn, spratt,1, allchin circuit, , tallygaroopna,3219, nsw,19790905,37, 08 29938480,1571253
530,   liam, ,34, plowman place, cobbedah, kaleen,7030, nsw,19281116,30, 07 38365294,9233063
413,   karlee, fitzpatrick,2, carlton place, , ovingham,3805, nsw,19811001,11, ,5072285
360,   jack, grosser,8, harry hopman circuit, , oakleigh,2206, ,19480215,19, 03 10798515,1016034
126,   maconal, whetham,16, wheatley street, colonial cvan park, mentone,2217, qld,19500818,31, 03 25116636,3636320
89,   isabella, campbell,30, twelve trees crescent, , rivett,5162, nsw,19320910,36, 07 17793710,5283458
652, sascha, hitchneor,22, john russell circuit, telooa, paddington, , vic,19711225, , 04 08681348,1936588
258,   kane, lakis, , james smith circuit, , hazelbrook,2093, ,19100831,31, 02 04632504,9996470
502,   jack, rundle,17, goodwin street, , mount pleasant,2101, ,19760203,28, 02 77528502,6439898
340,   madeleine, thorpe,17, white crescent, brentwood village, paraburdoo,2343, nsw,19440331,34, 07 91659221,2436570
407,   jake, berry,112, jefferis street, , greensborough,4030, sa, ,32, 07 72534270,3433551
130,   ethan, reid,220, muntz street, , lavington,3161, vic,19201206,33, 02 18377518,1636709
22,   mitchell, van der hoek,31, mileham street, , moranbah, , wa,19810214,33, 07 50825775,6877139
515,   thomas, ballantyne,7, kadina crescent, , lalor,5006, sa, ,34, 03 17026285,8805888
375, nicholas, white,16, la perouse street, , maribyrnong,5094, nsw,19537412,19, 04 85059581,4115871
189,   william, white,165, emily bulcock crescent, adventist retrmnt vlge, nunawading,2480, sa,19260813,25, 02 76804231,5729568
194,   mitchell, wyllie,81, blinkhorn place, , rainbow beach,2121, nsw, , , 08 89837690,4516997
544,   jessica, white,180, case place, symes grove, malvern,2291, nsw,19390827,33, 07 13113327,5501992
775,   charlotte, walch,1, ambalindum street, , lilydale,2774, tas,19390818,40, 03 88834146,1612336
45,   emiily, green,117, hayley street, the old house, torrensville,3125, nsw,19300830,25, 02 84197904,6259551
2,   luke, morrison,28, moulden court, lakeside leisure vlge, charlestown,3191, nsw,19250119,38, 08 09850290,3199259
207,   tahnee, ryan,23, robertson street, , nabowla,3127, nsw,19250213, , 07 64873340,1500063
235,   caleb, white,1, florence taylor street, , castlemaine,2325, nsw,19000708,33, 04 25393023,4973109
579,   antonio, varma,17, solomon crescent, , broadmeadows,5023, qld,19020605, , 02 28285920,7423176
647,   lily, brooker,67, mackennal street, glenavon, warrandyte,2145, nsw,19940710,34, 08 40190168,5240997
164,   lauren, haymes,10, mellish place, , petersham,2567, vic,19050302,39, 04 07051026,8488743
740, izaac, jolly,22, yuille lace, , north rocks,6105, sa,19890817,35, 02 84752650,2499240
555,   nikita, bristow,1, weston street, , clarkson,5073, vic,19690719, , 02 90541550,7090787
628,   georgia, weavell,60, bromell circuit, , para hills,3351, nsw,19270924,24, 08 83595884,3688140
103,   jake, iswaran,2, fewtrell place, , ,3824, vic,19230514,38, 07 00741204,5705775
236, seth, bishoo,2, , , inglewood,3163, nsw,19790102,38, 08 01798754,8719872
751,   jake, hazell,73, stubbs crescent, rajamare, currans hill,2484, wa,19200801,29, 07 29110773,2542018
471,   bethany, donaldson,245, maitland street, , brunswick heads,4670, qld, ,28, 08 16505108,8837185
716,   finn, reid,14, mckinlay street, gundaline, st kilda east,2400, vic,19410805, , 02 94024861,1153632
289, teegan, moody,14, trainee court, , kirwan,2323, nsw,19645519,29, 08 43314976,7536357
223,   madison, paterson,40, arabana street, moline village, port douglas,4556, vic,19250408,27, 04 53811585,2387487
535, courtney, stanley,179, ovens street, mowbray, gordonvale,3942, ,19570255,33, 04 45386282,2802795
42,   francesco, vett,159, lampard circuit, , avoca,5045, sa,19450418,26, 07 90109804,1252954
655,   lewis, kulas,1, , wanniassa medical centre, camden south,4422, qld,19380116,26, 02 58262752,7476573
123,   mia, neville,28, kitson place, villa 2, frankston,2250, ,19011009, , 02 77133295,5758022
648, nikki, jacmorn,15, bargang crescent, , pacific palms,5162, ,19061119,24, 08 23317005,8409835
97, jacinta, bishop,53, derrington crescent, , west wollongong,7523, nsw,19652106,34, 07 64025947,9900386
499, psris, cirelli,30, chave sftreet, , , , nsw,19760301, , 02 98962505,2824434
98,   anthony, campton,32, evelyn owen crescent, , cooma,2533, qld,19690223, , 02 73742656,5160252
267,   isaac, troisi,17, duffy street, rosetta village, kirwan,7315, wa,19761123,25, ,7822609
173,   bryce, hanna,3, arabana street, , woodlands,2093, nt,19860327,33, 08 62161059,3119783
486, evan, reid,20, burnettg street, rimrock, willetrton,2077, vic,19299513,27, 04 57579195,7744608
547,   amelia, reid,93, livingston avenue, , carnegie,6059, wa,19320606, , 02 70004462,8890906
479,   flynn, kuzniarski,22, mcintyre street, highpoint, embleton,3124, nsw,19601112,32, 03 01500868,7431210
211,   adam, clarke,26, , , yenda,2032, nsw,19160919,36, 02 07528798,2010382
387,   alexandra, mccarthy,209, harricks crescent, border park, caulfield,3194, ,19490120, , 08 59397613,3257436
781,   will, finlay,14, sturdee crescent, villa 2, winmalee,3034, vic,19970322,22, 08 89539576,3843535
275,   daniel, wilfredo,10, jansz crescent, birubi bch caravan park, robina,7310, wa,19030310,23, 02 92470637,8198428
470,   aleisha, dixon,2, birchall street, armitage, forrest,4650, qld,19071219,13, 02 42862785,8461326
171,   brianna, zimmermann,102, gibb place, , ryde,5164, vic,19611110, , 08 81313186,7519373
135,   elijah, chubb,1212, levien street, , harbord,2444, ,19470815,22, 07 34622245,4904279
449, ryley, atsaves,29, martin street, , guilderton,3885, sa,19640208, , 02 60286953,3489653
66,   andie, ,78, healy street, carawah rmb 2, orange,4053, sa,19330708, , 02 92454307,1976647
639,   ethan, wheatley,34, dumaresq street, , broadmeadows,6076, wa,19570117, , 03 16088101,6872434
288,   kelsy, beal,3, hilder street, , berwick,2880, vic,19490318,20, 08 76999950,1248590
625,   mia, dixon,60, whiteman street, deuverney, kogarah,3052, tas,19591013,29, 07 29634154,1614995
136,   bianca, campbell, , angas street, , lilydale,3976, wa,19610912,9, 07 24898440,5148659
76,   robert, matthews,4, forbes street, , st albans,2233, qld,19890802,26, 03 40852634,9196185
441,   tyler, nguyen,82, naas road, leisure living vlge, new town,3318, nsw,19741010,37, 04 03272120,8636246
262,   ajay, gully, , ferguson place, , lovedale,4226, qld,19900518,37, 04 20139215,9202155
548, chelsea, stubbs,74, jackie howe crescent, , mepunga,3447, vic, ,30, 07 30896390,6594219
92,   hannah, versteeg,37, allambee street, , highbury,3137, wa,19550126, , 02 24287954,7465841
313,   tasman, maynard,15, copland drive, crosslands, yeelanna,2035, qld,19841224,39, 03 66972378,1662283
726,   alexandra, shepherd,5, mcnicoll street, , clarkson,4152, wa,19001029,32, 02 49110999,9214507
393,   andrew, kammermann,32, howarth place, , shoalwater,2460, nsw,19610110,27, 03 59415787,1100550
79,   samantha, cormick,64, cuscaden crescent, , kilsyth,3174, nsw,19660416,26, 03 91257137,5099121
